Category,Film,Nominee,Winner,Year,Rating_IMDB,Release_date,Rating_rtaudience,Rating_rtcritic,Oscarstat_totalnoms,Win_GoldenGlobe_bestdirector,Win_BAFTA,Win_DGA,Nom_GoldenGlobe_bestdirector,Nom_BAFTA,Nom_DGA,Oscarstat_previouswins_bestdirector,Oscarstat_previousnominations_bestdirector,Nom_Oscar_bestfilm,Release_Q1,Release_Q2,Release_Q3,Release_Q4,Genre_biography,Genre_crime,Genre_comedy,Genre_drama,Genre_horror,Genre_fantasy,Genre_sci-fi,Genre_mystery,Genre_music,Genre_romance,Genre_history,Genre_war,Genre_filmnoir,Genre_western,Genre_thriller,Genre_sport,Genre_family,Genre_action,Genre_adventure,MPAA_rating,MPAA_G,MPAA_PG,MPAA_PG-13,MPAA_R,MPAA_NC-17,Nowin_Criticschoice,Win_Criticschoice,Nonom_Criticschoice,Nom_Criticschoice
Director,The Apartment,Billy Wilder,1,1961,8.3,1960-09-16,94,93,10,0,0,1,1,0,1,0,0,1,0,0,1,0,0,0,1,1,0,0,0,0,0,1,0,0,0,0,0,0,0,0,0,APPROVED,0,0,0,0,0,0,0,0,0
Director,Sons and Lovers,Jack Cardiff,0,1961,7.3,1960-07-22,54,75,7,1,0,0,1,0,0,0,0,1,0,0,1,0,0,0,0,1,0,0,0,0,0,0,0,0,0,0,0,0,0,0,0,,0,0,0,0,0,0,0,0,0
Director,Never on Sunday,Jules Dassin,0,1961,7.4,1960-10-01,83,88,4,0,0,0,0,0,0,0,0,0,0,0,0,1,0,0,1,1,0,0,0,0,0,1,0,0,0,0,0,0,0,0,0,,0,0,0,0,0,0,0,0,0
Director,Psycho,Alfred Hitchcock,0,1961,8.5,1960-09-08,94,96,4,0,0,0,0,0,0,0,0,0,0,0,1,0,0,0,0,0,1,0,0,1,0,0,0,0,0,0,1,0,0,0,0,R,0,0,0,1,0,0,0,0,0
Director,The Sundowners,Fred Zinnemann,0,1961,7.2,1961-02-28,62,78,5,0,0,0,1,0,0,0,0,1,1,0,0,0,0,0,0,1,0,0,0,0,0,0,0,0,0,0,0,0,0,0,1,UNRATED,0,0,0,0,0,0,0,0,0
Director,West Side Story,Robert Wise,1,1962,7.6,1961-12-23,84,94,11,0,0,1,1,0,1,0,0,1,0,0,0,1,0,1,0,1,0,0,0,0,0,0,0,0,0,0,0,0,0,0,0,UNRATED,0,0,0,0,0,0,0,0,0
Director,La Dolce Vita,Federico Fellini,0,1962,8.1,1961-04-19,90,97,4,0,0,0,0,0,0,0,0,0,0,1,0,0,0,0,1,1,0,0,0,0,0,0,0,0,0,0,0,0,0,0,0,NOT RATED,0,0,0,0,0,0,0,0,0
Director,Judgment at Nuremberg,Stanley Kramer,0,1962,8.3,1961-12-18,93,90,11,1,0,0,1,0,1,0,0,1,0,0,0,1,0,0,0,1,0,0,0,0,0,0,0,1,0,0,0,0,0,0,0,NOT RATED,0,0,0,0,0,0,0,0,0
Director,The Hustler,Robert Rossen,0,1962,8,1961-10-27,93,98,9,0,0,0,0,0,0,0,0,1,0,0,0,1,0,0,0,1,0,0,0,0,0,0,0,0,0,0,0,1,0,0,0,UNRATED,0,0,0,0,0,0,0,0,0
Director,The Guns of Navarone,J. Lee Thompson,0,1962,7.6,1961-06-22,86,95,7,0,0,0,1,0,0,0,0,1,0,1,0,0,0,0,0,1,0,0,0,0,0,0,0,0,0,0,0,0,0,1,1,,0,0,0,0,0,0,0,0,0
Director,Lawrence of Arabia,David Lean,1,1963,8.3,1962-12-11,93,97,10,1,0,1,1,0,1,0,0,1,0,0,0,1,1,0,0,1,0,0,0,0,0,0,0,0,0,0,0,0,0,0,1,PG,0,1,0,0,0,0,0,0,0
Director,Divorce Italian Style,Pietro Germi,0,1963,8.3,1962-09-17,93,100,0,0,0,0,0,0,0,0,0,0,0,0,1,0,0,0,1,1,0,0,0,0,0,1,0,0,0,0,0,0,0,0,0,NOT RATED,0,0,0,0,0,0,0,0,0
Director,To Kill a Mockingbird,Robert Mulligan,0,1963,8.3,1963-03-16,93,91,8,0,0,0,1,0,1,0,0,1,1,0,0,0,0,1,0,1,0,0,0,0,0,0,0,0,0,0,0,0,0,0,0,NOT RATED,0,0,0,0,0,0,0,0,0
Director,The Miracle Worker,Arthur Penn,0,1963,8.1,1962-07-28,88,100,5,0,0,0,0,0,1,0,0,0,0,0,1,0,1,0,0,1,0,0,0,0,0,0,0,0,0,0,0,0,0,0,0,APPROVED,0,0,0,0,0,0,0,0,0
Director,David and Lisa,Frank Perry,0,1963,6.9,1998-11-01,80,80,2,0,0,0,0,0,0,0,0,0,0,0,0,1,0,0,0,1,0,0,0,0,0,0,0,0,0,0,0,0,0,0,0,,0,0,0,0,0,0,0,0,0
Director,Tom Jones,Tony Richardson,1,1964,6.7,1963-12-11,58,83,10,0,0,0,1,0,1,0,0,1,0,0,0,1,0,0,1,0,0,0,0,0,0,0,1,0,0,0,0,0,0,0,1,UNRATED,0,0,0,0,0,0,0,0,0
Director,America America,Elia Kazan,0,1964,7.9,1964-06-17,86,71,4,1,0,0,1,0,1,0,0,1,0,1,0,0,0,0,0,1,0,0,0,0,0,0,0,0,0,0,0,0,0,0,0,,0,0,0,0,0,0,0,0,0
Director,The Cardinal,Otto Preminger,0,1964,6.8,1963-12-12,67,60,6,0,0,0,1,0,0,0,0,0,0,0,0,1,0,0,0,1,0,0,0,0,0,0,1,1,0,0,0,0,0,0,0,APPROVED,0,0,0,0,0,0,0,0,0
Director,Hud,Martin Ritt,0,1964,7.9,1963-05-29,89,84,7,0,0,0,1,0,1,0,0,0,0,1,0,0,0,0,0,1,0,0,0,0,0,0,0,0,0,0,0,0,0,0,0,APPROVED,0,0,0,0,0,0,0,0,0
Director,My Fair Lady,George Cukor,1,1965,7.9,1964-12-25,90,96,12,1,0,1,1,0,1,0,0,1,0,0,0,1,0,0,0,1,0,0,0,0,0,0,0,0,0,0,0,0,1,0,0,APPROVED,0,0,0,0,0,0,0,0,0
Director,Zorba the Greek,Michael Cacoyannis,0,1965,7.8,1964-12-14,87,86,7,0,0,0,1,0,0,0,0,1,0,0,0,1,0,0,1,1,0,0,0,0,0,0,0,0,0,0,0,0,0,0,0,UNRATED,0,0,0,0,0,0,0,0,0
Director,Becket,Peter Glenville,0,1965,8,1964-03-11,88,76,12,0,0,0,1,0,1,0,0,1,1,0,0,0,1,0,0,1,0,0,0,0,0,0,1,0,0,0,0,0,0,0,0,PG-13,0,0,1,0,0,0,0,0,0
Director,Dr. Strangelove or: How I Learned to Stop Worrying and Love the Bomb,Stanley Kubrick,0,1965,8.5,1964-01-29,94,99,4,0,0,0,0,0,1,0,0,1,1,0,0,0,0,0,1,0,0,0,0,0,0,0,0,1,0,0,0,0,0,0,0,PG,0,1,0,0,0,0,0,0,0
Director,Mary Poppins,Robert Stevenson,0,1965,7.8,1964-09-11,86,100,12,0,0,0,0,0,1,0,0,1,0,0,1,0,0,0,1,0,0,1,0,0,0,0,0,0,0,0,0,0,1,0,0,APPROVED,0,0,0,0,0,0,0,0,0
Director,The Sound of Music,Robert Wise,1,1966,8,1965-03-29,91,86,10,0,0,1,1,0,1,1,1,1,1,0,0,0,1,0,0,1,0,0,0,0,0,0,0,0,0,0,0,0,1,0,0,G,1,0,0,0,0,0,0,0,0
Director,Doctor Zhivago,David Lean,0,1966,8,1965-12-31,88,82,10,1,0,0,1,0,0,1,1,1,0,0,0,1,0,0,0,1,0,0,0,0,0,1,0,1,0,0,0,0,0,0,0,APPROVED,0,0,0,0,0,0,0,0,0
Director,Darling,John Schlesinger,0,1966,7.2,1965-08-03,71,70,5,0,0,0,1,0,1,0,0,1,0,0,1,0,0,0,0,1,0,0,0,0,0,1,0,0,0,0,0,0,0,0,0,TV-MA,0,0,0,0,0,0,0,0,0
Director,Woman in the Dunes,Hiroshi Teshigahara,0,1966,8.5,1964-10-25,93,100,2,0,0,0,0,0,0,0,0,0,0,0,0,1,0,0,0,1,0,0,0,0,0,0,0,0,0,0,1,0,0,0,0,NOT RATED,0,0,0,0,0,0,0,0,0
Director,The Collector,William Wyler,0,1966,7.6,1965-06-17,83,100,3,0,0,0,1,0,0,0,0,0,0,1,0,0,0,0,0,1,0,0,0,0,0,0,0,0,0,0,1,0,0,0,0,UNRATED,0,0,0,0,0,0,0,0,0
Director,A Man for All Seasons,Fred Zinnemann,1,1967,7.9,1967-05-03,87,82,8,1,0,1,1,0,1,0,1,1,0,1,0,0,1,0,0,1,0,0,0,0,0,0,1,0,0,0,0,0,0,0,0,APPROVED,0,0,0,0,0,0,0,0,0
Director,Blowup,Michelangelo Antonioni,0,1967,7.7,1967-02-24,85,86,0,0,0,0,0,0,0,0,0,0,1,0,0,0,0,0,0,0,0,0,0,0,0,0,0,0,0,0,0,0,0,0,0,NOT RATED,0,0,0,0,0,0,0,0,0
Director,The Professionals,Richard Brooks,0,1967,7.4,1966-11-02,82,93,3,0,0,0,0,0,1,0,0,0,0,0,0,1,0,0,0,0,0,0,0,0,0,0,0,0,0,1,0,0,0,1,1,APPROVED,0,0,0,0,0,0,0,0,0
Director,A Man and a Woman,Claude Lelouch,0,1967,7.7,1966-07-12,87,77,4,0,0,0,1,0,1,0,0,0,0,0,1,0,0,0,0,1,0,0,0,0,0,1,0,0,0,0,0,0,0,0,0,UNRATED,0,0,0,0,0,0,0,0,0
Director,Who's Afraid of Virginia Woolf?,Mike Nichols,0,1967,8.1,1966-06-22,91,95,13,0,0,0,1,0,1,0,0,1,0,1,0,0,0,0,0,1,0,0,0,0,0,0,0,0,0,0,0,0,0,0,0,TV-MA,0,0,0,0,0,0,0,0,0
Director,The Graduate,Mike Nichols,1,1968,8,1967-12-22,90,89,7,1,1,1,1,1,1,0,1,1,0,0,0,1,0,0,1,1,0,0,0,0,0,0,0,0,0,0,0,0,0,0,0,APPROVED,0,0,0,0,0,0,0,0,0
Director,In Cold Blood,Richard Brooks,0,1968,8,1968-03-07,88,91,4,0,0,0,0,0,1,0,1,0,1,0,0,0,1,1,0,1,0,0,0,0,0,0,0,0,0,0,0,0,0,0,0,APPROVED,0,0,0,0,0,0,0,0,0
Director,In the Heat of the Night,Norman Jewison,0,1968,8,1967-10-25,92,95,7,0,0,0,1,0,1,0,0,1,0,0,0,1,0,1,0,1,0,0,0,1,0,0,0,0,0,0,0,0,0,0,0,APPROVED,0,0,0,0,0,0,0,0,0
Director,Guess Who's Coming to Dinner,Stanley Kramer,0,1968,7.8,1967-12-12,85,68,10,0,0,0,1,0,1,0,1,1,0,0,0,1,0,0,1,1,0,0,0,0,0,0,0,0,0,0,0,0,0,0,0,UNRATED,0,0,0,0,0,0,0,0,0
Director,Bonnie and Clyde,Arthur Penn,0,1968,7.9,1967-09,88,88,10,0,0,0,1,0,1,0,1,1,0,0,1,0,1,1,0,0,0,0,0,0,0,0,0,0,0,0,0,0,0,1,0,APPROVED,0,0,0,0,0,0,0,0,0
Director,Oliver!,Carol Reed,1,1969,7.5,1968-09-27,81,81,12,0,0,0,1,1,1,0,0,1,0,0,1,0,0,0,0,1,0,0,0,0,0,0,0,0,0,0,0,0,1,0,0,G,1,0,0,0,0,0,0,0,0
Director,The Lion in Winter,Anthony Harvey,0,1969,8.1,1968-10-30,90,91,7,0,0,1,1,0,1,0,0,1,0,0,0,1,1,0,0,1,0,0,0,0,0,0,1,0,0,0,0,0,0,0,0,PG,0,1,0,0,0,0,0,0,0
Director,2001: A Space Odyssey,Stanley Kubrick,0,1969,8.3,1968-05-12,89,94,4,0,0,0,0,0,1,0,1,0,0,1,0,0,0,0,0,0,0,0,1,0,0,0,0,0,0,0,0,0,0,0,1,G,1,0,0,0,0,0,0,0,0
Director,The Battle of Algiers,Gillo Pontecorvo,0,1969,8.1,1967-09-20,95,99,3,0,0,0,0,0,0,0,0,0,0,0,1,0,0,0,0,0,0,0,0,0,0,0,0,0,0,0,0,0,0,0,0,NOT RATED,0,0,0,0,0,0,0,0,0
Director,Romeo and Juliet,Franco Zeffirelli,0,1969,7.6,1968-10-08,74,97,8,0,0,0,1,1,1,0,0,1,0,0,0,1,0,0,0,1,0,0,0,0,0,1,0,0,0,0,0,0,0,0,0,PG,0,1,0,0,0,0,0,0,0
Director,Midnight Cowboy,John Schlesinger,1,1970,7.9,1969-06-16,88,90,7,0,1,1,1,1,1,0,1,1,0,1,0,0,0,0,0,1,0,0,0,0,0,0,0,0,0,0,0,0,0,0,0,R,0,0,0,1,0,0,0,0,0
Director,Z,Costa Gavras,0,1970,8.2,1969-12-08,93,95,5,0,0,0,0,0,1,0,0,1,0,0,0,1,0,1,0,1,0,0,0,0,0,0,1,0,0,0,0,0,0,0,0,M,0,1,0,0,0,0,0,0,0
Director,Butch Cassidy and the Sundance Kid,George Roy Hill,0,1970,8.1,1969-10-24,92,89,6,0,1,0,0,1,1,0,0,1,0,0,0,1,1,1,0,1,0,0,0,0,0,0,0,0,0,0,0,0,0,0,0,APPROVED,0,0,0,0,0,0,0,0,0
Director,Alice's Restaurant,Arthur Penn,0,1970,6.3,1969-08-20,60,67,1,0,0,0,0,0,0,0,1,0,0,0,1,0,0,0,1,1,0,0,0,0,0,0,0,0,0,0,0,0,0,0,0,R,0,0,0,1,0,0,0,0,0
Director,"They Shoot Horses, Don't They?",Sydney Pollack,0,1970,7.9,1970-08-13,89,84,9,0,0,0,1,0,1,0,0,0,0,0,1,0,0,0,0,1,0,0,0,0,0,0,0,0,0,0,0,0,0,0,0,M,0,1,0,0,0,0,0,0,0
Director,Patton,Franklin J. Schaffner,1,1971,8,1970-04-02,94,95,10,0,0,1,1,0,1,0,0,1,0,1,0,0,1,0,0,1,0,0,0,0,0,0,0,1,0,0,0,0,0,0,0,GP,0,1,0,0,0,0,0,0,0
Director,M*A*S*H,Robert Altman,0,1971,7.6,1970-03,83,87,1,0,0,0,1,1,1,0,0,1,1,0,0,0,0,0,0,0,0,0,0,0,0,0,0,0,0,0,0,0,0,0,0,R,0,0,0,1,0,0,0,0,0
Director,Fellini Satyricon,Federico Fellini,0,1971,7,1970-03-11,75,75,1,0,0,0,0,0,0,0,1,0,1,0,0,0,0,0,0,0,0,0,0,0,0,0,0,0,0,0,0,0,0,0,0,R,0,0,0,1,0,0,0,0,0
Director,Love Story,Arthur Hiller,0,1971,6.9,1970-12-16,75,57,7,1,0,0,1,0,1,0,0,1,0,0,0,1,0,0,0,1,0,0,0,0,0,1,0,0,0,0,0,0,0,0,0,PG,0,1,0,0,0,0,0,0,0
Director,Women in Love,Ken Russell,0,1971,7.6,1970-03-25,76,91,4,0,0,0,1,1,0,0,0,0,1,0,0,0,0,0,0,1,0,0,0,0,0,1,0,0,0,0,0,0,0,0,0,R,0,0,0,1,0,0,0,0,0
Director,The French Connection,William Friedkin,1,1972,7.8,1971-10-09,87,98,8,1,0,1,1,1,1,0,0,1,0,0,0,1,0,1,0,1,0,0,0,0,0,0,0,0,0,0,0,0,0,1,0,R,0,0,0,1,0,0,0,0,0
Director,The Last Picture Show,Peter Bogdanovich,0,1972,8.1,1971-10-22,90,100,8,0,0,0,1,1,1,0,0,1,0,0,0,1,0,0,0,1,0,0,0,0,0,0,0,0,0,0,0,0,0,0,0,R,0,0,0,1,0,0,0,0,0
Director,Fiddler on the Roof,Norman Jewison,0,1972,8,1971-11-03,92,81,8,0,0,0,1,0,0,0,1,1,0,0,0,1,0,0,0,1,0,0,0,0,0,0,0,0,0,0,0,0,1,0,0,G,1,0,0,0,0,0,0,0,0
Director,A Clockwork Orange,Stanley Kubrick,0,1972,8.3,1972-02-02,93,90,4,0,0,0,1,1,1,0,1,1,1,0,0,0,0,1,0,1,0,0,1,0,0,0,0,0,0,0,0,0,0,0,0,R,0,0,0,1,0,0,0,0,0
Director,Sunday Bloody Sunday,John Schlesinger,0,1972,7.2,1971-09-08,72,92,4,0,1,0,0,1,1,1,1,0,0,0,1,0,0,0,0,1,0,0,0,0,0,0,0,0,0,0,0,0,0,0,0,R,0,0,0,1,0,0,0,0,0
Director,Cabaret,Bob Fosse,1,1973,7.9,1972-02-13,87,97,10,0,1,0,1,1,1,0,0,1,1,0,0,0,0,0,0,1,0,0,0,0,0,0,0,0,0,0,0,0,0,0,0,PG,0,1,0,0,0,0,0,0,0
Director,Deliverance,John Boorman,0,1973,7.7,1972-09-20,82,93,3,0,0,0,1,0,1,0,0,1,0,0,1,0,0,0,0,1,0,0,0,0,0,0,0,0,0,0,1,0,0,0,1,R,0,0,0,1,0,0,0,0,0
Director,The Godfather,Francis Ford Coppola,0,1973,9.2,1972-03-24,98,99,11,1,0,1,1,0,1,0,0,1,1,0,0,0,0,1,0,1,0,0,0,0,0,0,0,0,0,0,0,0,0,0,0,R,0,0,0,1,0,0,0,0,0
Director,Sleuth,Joseph L. Mankiewicz,0,1973,8.1,1973-07-12,90,96,4,0,0,0,0,0,0,0,0,0,0,0,1,0,0,0,0,0,0,0,0,1,0,0,0,0,0,0,1,0,0,0,0,PG,0,1,0,0,0,0,0,0,0
Director,The Emigrants,Jan Troell,0,1973,8,1971-03-08,88,89,5,0,0,0,0,0,0,0,0,1,1,0,0,0,0,0,0,1,0,0,0,0,0,0,1,0,0,0,0,0,0,0,0,PG,0,1,0,0,0,0,0,0,0
Director,The Sting,George Roy Hill,1,1974,8.3,1973-12-25,95,93,10,0,0,1,0,0,1,0,1,1,0,0,0,1,0,1,1,1,0,0,0,0,0,0,0,0,0,0,0,0,0,0,0,PG,0,1,0,0,0,0,0,0,0
Director,Cries and Whispers,Ingmar Bergman,0,1974,8.2,1973-03-05,91,89,5,0,0,0,0,0,0,0,0,1,1,0,0,0,0,0,0,0,0,0,0,0,0,0,0,0,0,0,0,0,0,0,0,R,0,0,0,1,0,0,0,0,0
Director,Last Tango in Paris,Bernardo Bertolucci,0,1974,7.1,1973-02-07,76,79,2,0,0,0,1,0,1,0,0,0,1,0,0,0,0,0,0,1,0,0,0,0,0,1,0,0,0,0,0,0,0,0,0,NC-17,0,0,0,0,1,0,0,0,0
Director,The Exorcist,William Friedkin,0,1974,8,1973-12-26,87,86,10,1,0,0,1,0,1,1,1,1,0,0,0,1,0,0,0,0,1,0,0,0,0,0,0,0,0,0,0,0,0,0,0,R,0,0,0,1,0,0,0,0,0
Director,American Graffiti,George Lucas,0,1974,7.5,1973-09-01,84,95,5,0,0,0,1,0,1,0,0,1,0,0,1,0,0,0,1,1,0,0,0,0,0,0,0,0,0,0,0,0,0,0,0,PG,0,1,0,0,0,0,0,0,0
Director,The Godfather Part II,Francis Ford Coppola,1,1975,9,1974-12-20,97,97,11,0,0,1,1,0,1,0,1,1,0,0,0,1,0,0,0,0,0,0,0,0,0,0,0,0,0,0,0,0,0,0,0,R,0,0,0,1,0,0,0,0,0
Director,A Woman Under the Influence,John Cassavetes,0,1975,8.2,1974-11-18,92,95,0,0,0,0,1,0,0,0,0,0,0,0,0,1,0,0,0,1,0,0,0,0,0,1,0,0,0,0,0,0,0,0,0,R,0,0,0,1,0,0,0,0,0
Director,Lenny,Bob Fosse,0,1975,7.6,1974-12,88,100,6,0,0,0,1,0,1,1,1,1,0,0,0,1,1,0,0,1,0,0,0,0,0,0,0,0,0,0,0,0,0,0,0,R,0,0,0,1,0,0,0,0,0
Director,Chinatown,Roman Polanski,0,1975,8.2,1974-06-20,93,98,11,1,1,0,1,1,1,0,0,1,0,1,0,0,0,0,0,1,0,0,0,1,0,0,0,0,0,0,1,0,0,0,0,R,0,0,0,1,0,0,0,0,0
Director,Day for Night,Franois Truffaut,0,1975,8.1,1973-09-07,91,100,4,0,1,0,0,1,0,0,0,0,0,0,1,0,0,0,1,1,0,0,0,0,0,1,0,0,0,0,0,0,0,0,0,PG,0,1,0,0,0,0,0,0,0
Director,One Flew Over the Cuckoo's Nest,Milo Forman,1,1976,8.7,1975-11-19,96,95,0,1,1,1,1,1,1,0,0,1,0,0,0,1,0,0,0,1,0,0,0,0,0,0,0,0,0,0,0,0,0,0,0,R,0,0,0,1,0,0,0,0,0
Director,Nashville,Robert Altman,0,1976,7.8,1975-09-21,84,94,4,0,0,0,1,0,1,0,1,1,0,0,1,0,0,0,1,1,0,0,0,0,1,0,0,0,0,0,0,0,0,0,0,R,0,0,0,1,0,0,0,0,0
Director,Amarcord,Federico Fellini,0,1976,8,1974-09-19,91,91,3,0,0,0,0,0,0,0,1,0,0,0,1,0,0,0,0,0,0,0,0,0,0,0,0,0,0,0,0,0,0,0,0,R,0,0,0,1,0,0,0,0,0
Director,Barry Lyndon,Stanley Kubrick,0,1976,8.1,1975-12-18,92,97,7,0,1,0,1,1,1,0,1,1,0,0,0,1,0,0,0,1,0,0,0,0,0,0,1,0,0,0,0,0,0,0,1,PG,0,1,0,0,0,0,0,0,0
Director,Dog Day Afternoon,Sidney Lumet,0,1976,8,1975-12-25,90,95,6,0,0,0,1,1,1,0,0,1,0,0,0,1,1,1,0,1,0,0,0,0,0,0,0,0,0,0,0,0,0,0,0,R,0,0,0,1,0,0,0,0,0
Director,Rocky,John G. Avildsen,1,1977,8.1,1976-12-03,69,93,9,0,0,1,1,1,1,0,0,1,0,0,0,1,0,0,0,1,0,0,0,0,0,0,0,0,0,0,0,1,0,0,0,PG,0,1,0,0,0,0,0,0,0
Director,Face to Face,Ingmar Bergman,0,1977,7.7,1976-04-05,82,80,2,0,0,0,0,0,0,0,1,0,0,1,0,0,0,0,0,1,0,1,0,0,0,0,0,0,0,0,0,0,0,0,0,R,0,0,0,1,0,0,0,0,0
Director,Network,Sidney Lumet,0,1977,8.1,1976-11-27,93,91,10,1,0,0,1,1,1,0,1,1,0,0,0,1,0,0,0,1,0,0,0,0,0,0,0,0,0,0,0,0,0,0,0,R,0,0,0,1,0,0,0,0,0
Director,All the President's Men,Alan J. Pakula,0,1977,8,1976-04-09,92,93,8,0,0,0,1,1,1,0,0,1,0,1,0,0,1,0,0,1,0,0,0,0,0,0,1,0,0,0,0,0,0,0,0,PG,0,1,0,0,0,0,0,0,0
Director,Seven Beauties,Lina Wertmller,0,1977,8,1976-01-21,90,91,4,0,0,0,0,0,1,0,0,0,1,0,0,0,0,0,1,1,0,0,0,0,0,0,0,1,0,0,0,0,0,0,0,R,0,0,0,1,0,0,0,0,0
Director,Annie Hall,Woody Allen,1,1978,8.1,1977-04-20,93,99,5,0,1,1,1,1,1,0,0,1,0,1,0,0,0,0,1,0,0,0,0,0,0,1,0,0,0,0,0,0,0,0,0,PG,0,1,0,0,0,0,0,0,0
Director,Star Wars,George Lucas,0,1978,8.7,1977-05-25,96,93,11,0,0,0,1,0,1,0,1,1,0,1,0,0,0,0,0,0,0,0,0,0,0,0,0,0,0,0,0,0,0,0,0,PG,0,1,0,0,0,0,0,0,0
Director,The Turning Point,Herbert Ross,0,1978,7,1977-11-18,69,58,11,1,0,0,1,0,1,0,0,1,0,0,0,1,0,0,0,1,0,0,0,0,0,1,0,0,0,0,0,0,0,0,0,PG,0,1,0,0,0,0,0,0,0
Director,Close Encounters of the Third Kind,Steven Spielberg,0,1978,7.7,1977-12-14,85,96,9,0,0,0,1,1,1,0,0,0,0,0,0,1,0,0,0,1,0,0,1,0,0,0,0,0,0,0,0,0,0,0,0,PG,0,1,0,0,0,0,0,0,0
Director,Julia,Fred Zinnemann,0,1978,7.4,1978-01-20,66,73,11,0,0,0,1,1,1,1,1,1,1,0,0,0,0,0,0,1,0,0,0,0,0,0,0,0,0,0,0,0,0,0,0,PG,0,1,0,0,0,0,0,0,0
Director,The Deer Hunter,Michael Cimino,1,1979,8.2,1979-02-23,92,94,9,1,0,1,1,1,1,0,0,1,1,0,0,0,0,0,0,1,0,0,0,0,0,0,0,1,0,0,0,0,0,0,0,R,0,0,0,1,0,0,0,0,0
Director,Interiors,Woody Allen,0,1979,7.5,1978-08-02,79,77,5,0,0,0,1,0,0,1,1,0,0,0,1,0,0,0,0,1,0,0,0,0,0,0,0,0,0,0,0,0,0,0,0,PG,0,1,0,0,0,0,0,0,0
Director,Coming Home,Hal Ashby,0,1979,7.3,1978-02-15,83,81,8,0,0,0,1,0,1,0,0,1,1,0,0,0,0,0,0,1,0,0,0,0,0,1,0,1,0,0,0,0,0,0,0,R,0,0,0,1,0,0,0,0,0
Director,Heaven Can Wait,Warren Beatty,0,1979,6.9,1978-06-28,68,89,12,0,0,0,0,0,1,0,0,1,0,1,0,0,0,0,1,0,0,1,0,0,0,1,0,0,0,0,0,0,0,0,0,PG,0,1,0,0,0,0,0,0,0
Director,Midnight Express,Alan Parker,0,1979,7.7,1978-10-06,89,95,6,0,1,0,1,1,1,0,0,1,0,0,0,1,1,1,0,1,0,0,0,0,0,0,0,0,0,0,0,0,0,0,0,R,0,0,0,1,0,0,0,0,0
Director,Kramer vs. Kramer,Robert Benton,1,1980,7.8,1979-12-19,89,88,9,0,0,1,1,1,1,0,0,1,0,0,0,1,0,0,0,1,0,0,0,0,0,0,0,0,0,0,0,0,0,0,0,PG,0,1,0,0,0,0,0,0,0
Director,Apocalypse Now,Francis Ford Coppola,0,1980,8.5,1979-08-15,94,97,8,1,1,0,1,1,1,1,1,1,0,0,1,0,0,0,0,1,0,0,0,0,0,0,0,1,0,0,0,0,0,0,0,R,0,0,0,1,0,0,0,0,0
Director,All That Jazz,Bob Fosse,0,1980,7.8,1979-12-20,86,85,9,0,0,0,0,0,0,1,1,1,0,0,0,1,0,0,1,1,0,0,0,0,1,0,0,0,0,0,0,0,0,0,0,R,0,0,0,1,0,0,0,0,0
Director,La Cage aux Folles,douard Molinaro,0,1980,7.3,1979-03-30,84,100,3,0,0,0,0,0,0,0,0,0,1,0,0,0,0,0,1,0,0,0,0,0,0,0,0,0,0,0,0,0,0,0,0,R,0,0,0,1,0,0,0,0,0
Director,Breaking Away,Peter Yates,0,1980,7.7,1979-07-20,88,94,5,0,0,0,1,0,1,0,0,1,0,0,1,0,0,0,1,1,0,0,0,0,0,1,0,0,0,0,0,0,0,0,0,PG,0,1,0,0,0,0,0,0,0
Director,Ordinary People,Robert Redford,1,1981,7.8,1981-02-26,88,90,6,1,0,1,1,0,1,0,0,1,1,0,0,0,0,0,0,1,0,0,0,0,0,0,0,0,0,0,0,0,0,0,0,R,0,0,0,1,0,0,0,0,0
Director,The Elephant Man,David Lynch,0,1981,8.2,1980-10-10,93,90,8,0,0,0,1,1,1,0,0,1,0,0,0,1,1,0,0,1,0,0,0,0,0,0,0,0,0,0,0,0,0,0,0,PG,0,1,0,0,0,0,0,0,0
Director,Tess,Roman Polanski,0,1981,7.3,1980-12-12,78,85,6,0,0,0,1,0,0,0,1,1,0,0,0,1,0,0,0,1,0,0,0,0,0,1,0,0,0,0,0,0,0,0,0,PG,0,1,0,0,0,0,0,0,0
Director,The Stunt Man,Richard Rush,0,1981,7.2,1980-06-27,75,89,3,0,0,0,1,0,1,0,0,0,0,1,0,0,0,0,1,1,0,0,0,0,0,0,0,0,0,0,0,0,0,1,0,R,0,0,0,1,0,0,0,0,0
Director,Raging Bull,Martin Scorsese,0,1981,8.2,1980-12-19,93,97,8,0,0,0,1,0,1,0,0,1,0,0,0,1,1,0,0,1,0,0,0,0,0,0,0,0,0,0,0,1,0,0,0,R,0,0,0,1,0,0,0,0,0
Director,Reds,Warren Beatty,1,1982,7.5,1981-12-25,82,94,12,1,0,1,1,0,1,0,1,1,0,0,0,1,1,0,0,1,0,0,0,0,0,0,1,0,0,0,0,0,0,0,0,PG,0,1,0,0,0,0,0,0,0
Director,Chariots of Fire,Hugh Hudson,0,1982,7.2,1982-04-09,80,83,7,0,0,0,0,1,1,0,0,1,0,1,0,0,1,0,0,1,0,0,0,0,0,0,0,0,0,0,0,1,0,0,0,PG,0,1,0,0,0,0,0,0,0
Director,Atlantic City,Louis Malle,0,1982,7.4,1981-04-03,77,100,5,0,1,0,1,1,1,0,0,1,0,1,0,0,0,1,0,1,0,0,0,0,0,1,0,0,0,0,0,0,0,0,0,R,0,0,0,1,0,0,0,0,0
Director,On Golden Pond,Mark Rydell,0,1982,7.7,1982-02-12,87,92,10,0,0,0,1,1,1,0,0,1,1,0,0,0,0,0,0,1,0,0,0,0,0,0,0,0,0,0,0,0,0,0,0,PG,0,1,0,0,0,0,0,0,0
Director,Raiders of the Lost Ark,Steven Spielberg,0,1982,8.5,1981-06-12,96,94,9,0,0,0,1,0,1,0,1,1,0,1,0,0,0,0,0,0,0,0,0,0,0,0,0,0,0,0,0,0,0,1,1,PG,0,1,0,0,0,0,0,0,0
Director,Gandhi,Richard Attenborough,1,1983,8.1,1983-02-25,92,88,11,1,1,1,1,1,1,0,0,1,1,0,0,0,1,0,0,1,0,0,0,0,0,0,1,0,0,0,0,0,0,0,0,PG,0,1,0,0,0,0,0,0,0
Director,The Verdict,Sidney Lumet,0,1983,7.8,1982-12-17,88,96,5,0,0,0,1,0,0,0,1,1,0,0,0,1,0,0,0,1,0,0,0,0,0,0,0,0,0,0,0,0,0,0,0,R,0,0,0,1,0,0,0,0,0
Director,Das Boot,Wolfgang Petersen,0,1983,8.4,1982-02-10,96,98,6,0,0,0,0,0,1,0,0,0,1,0,0,0,0,0,0,1,0,0,0,0,0,0,0,0,0,0,1,0,0,0,1,R,0,0,0,1,0,0,0,0,0
Director,Tootsie,Sydney Pollack,0,1983,7.4,1982-12-17,81,89,9,0,0,0,1,1,1,0,1,1,0,0,0,1,0,0,1,1,0,0,0,0,0,1,0,0,0,0,0,0,0,0,0,PG,0,1,0,0,0,0,0,0,0
Director,E.T. the Extra-Terrestrial,Steven Spielberg,0,1983,7.9,1982-06-11,72,98,0,0,0,0,1,1,1,0,1,1,0,1,0,0,0,0,0,0,0,0,1,0,0,0,0,0,0,0,0,0,1,0,0,PG,0,1,0,0,0,0,0,0,0
Director,Terms of Endearment,James L. Brooks,1,1984,7.4,1983-12-09,84,88,11,0,0,1,1,0,1,0,0,1,0,0,0,1,0,0,1,1,0,0,0,0,0,0,0,0,0,0,0,0,0,0,0,PG,0,1,0,0,0,0,0,0,0
Director,Tender Mercies,Bruce Beresford,0,1984,7.4,1983-06-10,82,85,4,0,0,0,1,0,1,0,0,1,0,1,0,0,0,0,0,1,0,0,0,0,1,0,0,0,0,0,0,0,0,0,0,PG,0,1,0,0,0,0,0,0,0
Director,Fanny and Alexander,Ingmar Bergman,0,1984,8.1,1982-12-17,94,100,0,0,0,0,1,0,1,0,1,0,0,0,0,1,0,0,0,1,0,0,0,0,0,0,0,0,0,0,0,0,0,0,0,R,0,0,0,1,0,0,0,0,0
Director,Silkwood,Mike Nichols,0,1984,7.2,1984-01-27,78,75,5,0,0,0,1,0,0,1,1,0,1,0,0,0,1,0,0,1,0,0,0,0,0,0,1,0,0,0,0,0,0,0,0,R,0,0,0,1,0,0,0,0,0
Director,The Dresser,Peter Yates,0,1984,7.7,1983-12-06,88,100,5,0,0,0,1,1,0,0,1,1,0,0,0,1,0,0,0,1,0,0,0,0,0,0,0,0,0,0,0,0,0,0,0,PG,0,1,0,0,0,0,0,0,0
Director,Amadeus,Milo Forman,1,1985,8.3,1984-09-19,95,95,11,1,0,1,1,0,1,1,1,1,0,0,1,0,1,0,0,1,0,0,0,0,0,0,1,0,0,0,0,0,0,0,0,R,0,0,0,1,0,0,0,0,0
Director,Broadway Danny Rose,Woody Allen,0,1985,7.5,1984-01-27,84,100,2,0,0,0,0,0,0,1,1,0,1,0,0,0,0,0,1,0,0,0,0,0,0,0,0,0,0,0,0,0,0,0,0,PG,0,1,0,0,0,0,0,0,0
Director,Places in the Heart,Robert Benton,0,1985,7.3,1984-10-05,82,96,7,0,0,0,0,0,1,1,1,1,0,0,0,1,0,0,0,1,0,0,0,0,0,0,0,0,0,0,0,0,0,0,0,PG,0,1,0,0,0,0,0,0,0
Director,The Killing Fields,Roland Joff,0,1985,7.9,1985-02-01,92,93,7,0,0,0,1,1,1,0,0,1,1,0,0,0,1,0,0,1,0,0,0,0,0,0,1,0,0,0,0,0,0,0,0,R,0,0,0,1,0,0,0,0,0
Director,A Passage to India,David Lean,0,1985,7.4,1985-02-01,78,85,11,0,0,0,1,0,1,1,1,1,1,0,0,0,0,0,0,1,0,0,0,0,0,0,1,0,0,0,0,0,0,0,1,PG,0,1,0,0,0,0,0,0,0
Director,Out of Africa,Sydney Pollack,1,1986,7.2,1985-12-20,83,56,11,0,0,0,1,0,1,0,1,1,0,0,0,1,1,0,0,1,0,0,0,0,0,1,0,0,0,0,0,0,0,0,0,PG,0,1,0,0,0,0,0,0,0
Director,Kiss of the Spider Woman,Hctor Babenco,0,1986,7.4,1985-07-26,81,88,4,0,0,0,0,0,0,0,0,1,0,0,1,0,0,0,0,1,0,0,0,0,0,0,0,0,0,0,0,0,0,0,0,R,0,0,0,1,0,0,0,0,0
Director,Prizzi's Honor,John Huston,0,1986,6.8,1985-06-14,62,88,8,1,0,0,1,0,1,0,0,1,0,1,0,0,0,1,1,1,0,0,0,0,0,0,0,0,0,0,0,0,0,0,0,R,0,0,0,1,0,0,0,0,0
Director,Ran,Akira Kurosawa,0,1986,8.2,1985-06-01,95,96,4,0,0,0,0,0,0,0,0,0,0,1,0,0,0,0,0,1,0,0,0,0,0,0,0,0,0,0,0,0,0,1,0,R,0,0,0,1,0,0,0,0,0
Director,Witness,Peter Weir,0,1986,7.4,1985-02-08,80,92,8,0,0,0,1,0,1,0,0,1,1,0,0,0,0,1,0,1,0,0,0,0,0,1,0,0,0,0,0,0,0,0,0,R,0,0,0,1,0,0,0,0,0
Director,Platoon,Oliver Stone,1,1987,8.1,1987-02-06,93,88,8,1,1,1,1,1,1,0,0,1,1,0,0,0,0,0,0,1,0,0,0,0,0,0,0,1,0,0,0,0,0,0,0,R,0,0,0,1,0,0,0,0,0
Director,Hannah and Her Sisters,Woody Allen,0,1987,8,1986-03-14,90,93,7,0,1,0,1,1,1,1,1,1,1,0,0,0,0,0,1,1,0,0,0,0,0,0,0,0,0,0,0,0,0,0,0,PG-13,0,0,1,0,0,0,0,0,0
Director,A Room with a View,James Ivory,0,1987,7.4,1986-04-11,86,100,8,0,0,0,1,1,1,0,0,1,0,1,0,0,0,0,0,1,0,0,0,0,0,1,0,0,0,0,0,0,0,0,0,UNRATED,0,0,0,0,0,0,0,0,0
Director,The Mission,Roland Joff,0,1987,7.5,1986-10-31,87,65,7,0,0,0,1,1,0,0,1,1,0,0,0,1,0,0,0,1,0,0,0,0,0,0,1,0,0,0,0,0,0,0,1,PG,0,1,0,0,0,0,0,0,0
Director,Blue Velvet,David Lynch,0,1987,7.8,1986-10-23,88,94,1,0,0,0,0,0,0,0,1,0,0,0,0,1,0,0,0,1,0,0,0,1,0,0,0,0,0,0,1,0,0,0,0,R,0,0,0,1,0,0,0,0,0
Director,The Last Emperor,Bernardo Bertolucci,1,1988,7.8,1988-04-15,88,92,9,1,0,1,1,1,1,0,1,1,0,1,0,0,1,0,0,1,0,0,0,0,0,0,1,0,0,0,0,0,0,0,0,PG-13,0,0,1,0,0,0,0,0,0
Director,Hope and Glory,John Boorman,0,1988,7.4,1988-02-19,83,94,5,0,0,0,1,1,0,0,1,1,1,0,0,0,0,0,1,1,0,0,0,0,0,1,0,0,0,0,0,0,0,0,0,PG-13,0,0,1,0,0,0,0,0,0
Director,My Life as a Dog,Lasse Hallstrm,0,1988,7.7,1987-05-01,90,100,2,0,0,0,0,0,1,0,0,0,0,1,0,0,0,0,0,0,0,0,0,0,0,0,0,0,0,0,0,0,0,0,0,UNRATED,0,0,0,0,0,0,0,0,0
Director,Moonstruck,Norman Jewison,0,1988,7.1,1988-01-15,80,92,6,0,0,0,0,0,0,0,1,1,1,0,0,0,0,0,1,1,0,0,0,0,0,1,0,0,0,0,0,0,0,0,0,PG,0,1,0,0,0,0,0,0,0
Director,Fatal Attraction,Adrian Lyne,0,1988,6.9,1987-09-18,72,78,6,0,0,0,1,0,1,0,0,1,0,0,1,0,0,0,0,1,0,0,0,0,0,0,0,0,0,0,1,0,0,0,0,R,0,0,0,1,0,0,0,0,0
Director,Rain Man,Barry Levinson,1,1989,8,1988-12-16,90,90,8,0,0,1,1,0,1,0,0,1,0,0,0,1,0,0,0,1,0,0,0,0,0,0,0,0,0,0,0,0,0,0,0,R,0,0,0,1,0,0,0,0,0
Director,A Fish Called Wanda,Charles Crichton,0,1989,7.6,1988-08-05,84,93,3,0,0,0,0,1,1,0,0,0,0,0,1,0,0,1,1,0,0,0,0,0,0,0,0,0,0,0,0,0,0,0,0,R,0,0,0,1,0,0,0,0,0
Director,Working Girl,Mike Nichols,0,1989,6.7,1988-12-21,67,84,5,0,0,0,1,0,1,1,1,1,0,0,0,1,0,0,1,1,0,0,0,0,0,1,0,0,0,0,0,0,0,0,0,R,0,0,0,1,0,0,0,0,0
Director,Mississippi Burning,Alan Parker,0,1989,7.8,1989-01-27,90,89,7,0,0,0,1,1,1,0,1,1,1,0,0,0,0,1,0,1,0,0,0,0,0,0,1,0,0,0,0,0,0,0,0,R,0,0,0,1,0,0,0,0,0
Director,The Last Temptation of Christ,Martin Scorsese,0,1989,7.6,1988-09-22,84,82,1,0,0,0,0,0,0,0,1,0,0,0,1,0,0,0,0,1,0,0,0,0,0,0,0,0,0,0,0,0,0,0,0,R,0,0,0,1,0,0,0,0,0
Director,Born on the Fourth of July,Oliver Stone,1,1990,7.2,1990-01-05,76,90,8,1,0,1,1,0,1,1,1,1,1,0,0,0,1,0,0,1,0,0,0,0,0,0,0,1,0,0,0,0,0,0,0,R,0,0,0,1,0,0,0,0,0
Director,Crimes and Misdemeanors,Woody Allen,0,1990,8,1989-11-03,91,93,3,0,0,0,0,1,1,1,1,0,0,0,0,1,0,0,1,1,0,0,0,0,0,0,0,0,0,0,0,0,0,0,0,PG-13,0,0,1,0,0,0,0,0,0
Director,Henry V,Kenneth Branagh,0,1990,7.7,1989-11-08,89,100,8,0,1,0,0,1,0,0,0,0,0,0,0,1,1,0,0,1,0,0,0,0,0,0,0,0,0,0,0,0,0,1,0,PG-13,0,0,1,0,0,0,0,0,0
Director,My Left Foot,Jim Sheridan,0,1990,7.9,1990-03-30,92,97,5,0,0,0,0,0,0,0,0,1,1,0,0,0,1,0,0,1,0,0,0,0,0,0,0,0,0,0,0,0,0,0,0,R,0,0,0,1,0,0,0,0,0
Director,Dead Poets Society,Peter Weir,0,1990,8,1989-06-09,92,85,4,0,0,0,1,1,1,0,1,1,0,1,0,0,0,0,1,1,0,0,0,0,0,0,0,0,0,0,0,0,0,0,0,PG,0,1,0,0,0,0,0,0,0
Director,Dances with Wolves,Kevin Costner,1,1991,8,1990-11-21,87,82,0,1,0,1,1,1,1,0,0,1,0,0,0,1,0,0,0,1,0,0,0,0,0,0,0,0,0,1,0,0,0,0,1,PG-13,0,0,1,0,0,0,0,0,0
Director,The Godfather Part III,Francis Ford Coppola,0,1991,7.6,1990-12-25,78,67,0,0,0,0,1,0,1,1,1,1,0,0,0,1,0,0,0,0,0,0,0,0,0,0,0,0,0,0,0,0,0,0,0,R,0,0,0,1,0,0,0,0,0
Director,The Grifters,Stephen Frears,0,1991,7,1991-01-25,70,90,4,0,0,0,0,0,0,0,0,0,1,0,0,0,0,1,0,1,0,0,0,0,0,0,0,0,0,0,1,0,0,0,0,R,0,0,0,1,0,0,0,0,0
Director,Reversal of Fortune,Barbet Schroeder,0,1991,7.3,1990-11-09,77,94,3,0,0,0,1,0,0,0,0,0,0,0,0,1,1,0,0,1,0,0,0,1,0,0,0,0,0,0,0,0,0,0,0,R,0,0,0,1,0,0,0,0,0
Director,Goodfellas,Martin Scorsese,0,1991,8.7,1990-09-21,97,97,0,0,1,0,1,1,1,0,1,1,0,0,1,0,1,1,0,1,0,0,0,0,0,0,0,0,0,0,0,0,0,0,0,R,0,0,0,1,0,0,0,0,0
Director,The Silence of the Lambs,Jonathan Demme,1,1992,8.6,1991-02-14,95,95,7,0,0,1,1,1,1,0,0,1,1,0,0,0,0,1,0,1,0,0,0,0,0,0,0,0,0,0,1,0,0,0,0,R,0,0,0,1,0,0,0,0,0
Director,Bugsy,Barry Levinson,0,1992,6.8,1991-12-20,69,85,10,0,0,0,1,0,1,1,1,1,0,0,0,1,1,1,0,1,0,0,0,0,0,0,0,0,0,0,0,0,0,0,0,R,0,0,0,1,0,0,0,0,0
Director,Thelma and Louise,Ridley Scott,0,1992,7.4,1991-05-24,82,83,0,0,0,0,0,1,1,0,0,0,0,1,0,0,0,0,0,0,0,0,0,0,0,0,0,0,0,0,0,0,0,0,0,R,0,0,0,1,0,0,0,0,0
Director,Boyz n the Hood,John Singleton,0,1992,7.8,1991-07-12,93,96,0,0,0,0,0,0,0,0,0,0,0,0,1,0,0,1,0,1,0,0,0,0,0,0,0,0,0,0,0,0,0,0,0,R,0,0,0,1,0,0,0,0,0
Director,JFK,Oliver Stone,0,1992,8,1991-12-20,88,84,8,1,0,0,1,0,1,1,1,1,0,0,0,1,0,0,0,1,0,0,0,0,0,0,1,0,0,0,1,0,0,0,0,R,0,0,0,1,0,0,0,0,0
Director,Unforgiven,Clint Eastwood,1,1993,8.3,1992-08-07,93,95,9,1,0,1,1,1,1,0,0,1,0,0,1,0,0,0,0,1,0,0,0,0,0,0,0,0,0,1,0,0,0,0,0,R,0,0,0,1,0,0,0,0,0
Director,The Player,Robert Altman,0,1993,7.6,1992-05-08,85,98,3,0,1,0,1,1,1,0,1,0,0,1,0,0,0,1,1,1,0,0,0,0,0,0,0,0,0,0,0,0,0,0,0,R,0,0,0,1,0,0,0,0,0
Director,Scent of a Woman,Martin Brest,0,1993,8,1993-01-08,92,88,6,0,0,0,0,0,0,0,0,1,1,0,0,0,0,0,0,1,0,0,0,0,0,0,0,0,0,0,0,0,0,0,0,R,0,0,0,1,0,0,0,0,0
Director,Howards End,James Ivory,0,1993,7.5,1993-02-26,82,92,9,0,0,0,1,1,1,0,1,1,1,0,0,0,0,0,0,1,0,0,0,0,0,1,0,0,0,0,0,0,0,0,0,PG,0,1,0,0,0,0,0,0,0
Director,The Crying Game,Neil Jordan,0,1993,7.3,1993-02-19,78,97,6,0,0,0,0,1,1,0,0,1,1,0,0,0,0,1,0,1,0,0,0,0,0,1,0,0,0,0,0,0,0,0,0,R,0,0,0,1,0,0,0,0,0
Director,Schindler's List,Steven Spielberg,1,1994,8.9,1994-02-04,97,96,12,1,1,1,1,1,1,0,1,1,1,0,0,0,1,0,0,1,0,0,0,0,0,0,1,0,0,0,0,0,0,0,0,R,0,0,0,1,0,0,0,0,0
Director,Short Cuts,Robert Altman,0,1994,7.7,1993-10-01,89,95,1,0,0,0,0,0,0,0,1,0,0,0,0,1,0,0,1,1,0,0,0,0,0,0,0,0,0,0,0,0,0,0,0,R,0,0,0,1,0,0,0,0,0
Director,The Piano,Jane Campion,0,1994,7.6,1994-02-11,86,90,8,0,0,0,1,1,1,0,0,1,1,0,0,0,0,0,0,1,0,0,0,0,1,1,0,0,0,0,0,0,0,0,0,R,0,0,0,1,0,0,0,0,0
Director,The Remains of the Day,James Ivory,0,1994,7.9,1993-11-19,89,97,8,0,0,0,1,1,1,0,1,1,0,0,0,1,0,0,0,1,0,0,0,0,0,1,0,0,0,0,0,0,0,0,0,PG,0,1,0,0,0,0,0,0,0
Director,In the Name of the Father,Jim Sheridan,0,1994,8.1,1994-02-25,95,94,7,0,0,0,0,0,0,0,1,1,1,0,0,0,1,0,0,1,0,0,0,0,0,0,0,0,0,0,0,0,0,0,0,R,0,0,0,1,0,0,0,0,0
Director,Forrest Gump,Robert Zemeckis,1,1995,8.8,1994-07-06,95,72,13,1,0,1,1,1,1,0,0,1,0,0,1,0,0,0,0,1,0,0,0,0,0,1,0,0,0,0,0,0,0,0,0,PG-13,0,0,1,0,0,0,0,0,0
Director,Bullets over Broadway,Woody Allen,0,1995,7.5,1995-02-24,83,96,7,0,0,0,0,0,0,1,1,0,1,0,0,0,0,0,0,0,0,0,0,0,0,0,0,0,0,0,0,0,0,0,0,R,0,0,0,1,0,0,0,0,0
Director,Three Colours: Red (Trois couleurs : Rouge),Krzysztof Kielowski,0,1995,8.1,1994-11-23,94,100,0,0,0,0,0,1,0,0,0,0,0,0,0,1,0,0,0,0,0,0,0,0,0,0,0,0,0,0,0,0,0,0,0,R,0,0,0,1,0,0,0,0,0
Director,Quiz Show,Robert Redford,0,1995,7.5,1994-10-07,87,96,4,0,0,0,1,0,1,1,1,1,0,0,0,1,1,0,0,1,0,0,0,0,0,0,1,0,0,0,0,0,0,0,0,PG-13,0,0,1,0,0,0,0,0,0
Director,Pulp Fiction,Quentin Tarantino,0,1995,8.9,1994-10-14,96,94,7,0,0,0,1,1,1,0,0,1,0,0,0,1,0,1,0,1,0,0,0,0,0,0,0,0,0,0,0,0,0,0,0,R,0,0,0,1,0,0,0,0,0
Director,Braveheart,Mel Gibson,1,1996,8.4,1995-05-24,85,78,10,1,0,0,1,1,1,0,0,1,0,1,0,0,1,0,0,1,0,0,0,0,0,0,1,0,0,0,0,0,0,0,0,R,0,0,0,1,0,0,1,0,1
Director,Leaving Las Vegas,Mike Figgis,0,1996,7.6,1996-02-09,85,90,4,0,0,0,1,0,1,0,0,0,1,0,0,0,0,0,0,1,0,0,0,0,0,1,0,0,0,0,0,0,0,0,0,R,0,0,0,1,0,1,0,1,0
Director,Babe,Chris Noonan,0,1996,6.8,1995-08-04,67,97,7,0,0,0,0,0,0,0,0,1,0,0,1,0,0,0,1,1,0,0,0,0,0,0,0,0,0,0,0,0,1,0,0,G,1,0,0,0,0,1,0,1,0
Director,Il Postino: The Postman,Michael Radford,0,1996,7.8,1996-03-22,94,93,0,0,1,0,0,1,1,0,0,1,1,0,0,0,0,0,0,0,0,0,0,0,0,0,0,0,0,0,0,0,0,0,0,PG,0,1,0,0,0,1,0,1,0
Director,Dead Man Walking,Tim Robbins,0,1996,7.6,1996-02-02,86,95,3,0,0,0,0,0,0,0,0,0,1,0,0,0,0,1,0,1,0,0,0,0,0,0,0,0,0,0,0,0,0,0,0,R,0,0,0,1,0,1,0,1,0
Director,The English Patient,Anthony Minghella,1,1997,7.4,1996-12-06,83,84,12,0,0,1,1,1,1,0,0,1,0,0,0,1,0,0,0,1,0,0,0,0,0,1,0,1,0,0,0,0,0,0,0,R,0,0,0,1,0,1,0,1,0
Director,Fargo,Joel Coen,0,1997,8.1,1996-04-05,93,94,7,0,1,0,1,1,1,0,0,1,0,1,0,0,0,1,0,1,0,0,0,0,0,0,0,0,0,0,1,0,0,0,0,R,0,0,0,1,0,1,0,1,0
Director,The People vs. Larry Flynt,Milo Forman,0,1997,7.3,1997-01-10,80,87,2,1,0,0,1,0,0,1,1,0,1,0,0,0,1,0,0,1,0,0,0,0,0,0,0,0,0,0,0,0,0,0,0,R,0,0,0,1,0,1,0,1,0
Director,Shine,Scott Hicks,0,1997,7.7,1997-02-14,90,91,7,0,0,0,1,1,1,0,0,1,1,0,0,0,1,0,0,1,0,0,0,0,1,0,0,0,0,0,0,0,0,0,0,PG-13,0,0,1,0,0,1,0,1,0
Director,Secrets and Lies,Mike Leigh,0,1997,8,1997-02-28,91,94,0,0,0,0,0,1,1,0,0,1,1,0,0,0,0,0,0,0,0,0,0,0,0,0,0,0,0,0,0,0,0,0,0,R,0,0,0,1,0,1,0,1,0
Director,Titanic,James Cameron,1,1998,7.7,1997-12-19,69,88,15,1,0,1,1,1,1,0,0,1,0,0,0,1,0,0,0,1,0,0,0,0,0,1,0,0,0,0,0,0,0,0,0,PG-13,0,0,1,0,0,1,0,1,0
Director,The Full Monty,Peter Cattaneo,0,1998,7.2,1997-09-19,79,95,4,0,0,0,0,1,0,0,0,1,0,0,1,0,0,0,1,1,0,0,0,0,0,0,0,0,0,0,0,0,0,0,0,R,0,0,0,1,0,1,0,1,0
Director,The Sweet Hereafter,Atom Egoyan,0,1998,7.7,1997-11-21,86,100,2,0,0,0,0,0,0,0,0,0,0,0,0,1,0,0,0,1,0,0,0,0,0,0,0,0,0,0,0,0,0,0,0,R,0,0,0,1,0,1,0,1,0
Director,L.A. Confidential,Curtis Hanson,0,1998,7.3,2003-09-01,94,99,9,0,0,0,1,1,1,0,0,1,0,0,1,0,0,1,0,1,0,0,0,1,0,0,0,0,0,0,0,0,0,0,0,,0,0,0,0,0,1,0,1,0
Director,Good Will Hunting,Gus Van Sant,0,1998,8.3,1998-01-09,94,97,8,0,0,0,0,0,1,0,0,1,1,0,0,0,0,0,0,1,0,0,0,0,0,0,0,0,0,0,0,0,0,0,0,R,0,0,0,1,0,1,0,1,0
Director,Saving Private Ryan,Steven Spielberg,1,1999,8.6,1998-07-24,95,92,11,1,0,1,1,1,1,1,1,1,0,0,1,0,0,0,0,1,0,0,0,0,0,0,0,1,0,0,0,0,0,0,0,R,0,0,0,1,0,1,0,1,0
Director,Life Is Beautiful,Roberto Benigni,0,1999,8.6,1999-02-12,96,80,7,0,0,0,0,0,1,0,0,1,1,0,0,0,0,0,1,1,0,0,0,0,0,0,0,1,0,0,0,0,0,0,0,PG-13,0,0,1,0,0,1,0,1,0
Director,Shakespeare in Love,John Madden,0,1999,7.2,1999-01-08,80,92,13,0,0,0,1,1,1,0,0,1,1,0,0,0,0,0,1,1,0,0,0,0,0,0,1,0,0,0,0,0,0,0,0,R,0,0,0,1,0,1,0,1,0
Director,The Thin Red Line,Terrence Malick,0,1999,7.6,1999-01-15,80,78,7,0,0,0,0,0,1,0,0,1,1,0,0,0,0,0,0,1,0,0,0,0,0,0,0,1,0,0,0,0,0,0,0,R,0,0,0,1,0,1,0,1,0
Director,The Truman Show,Peter Weir,0,1999,8.1,1998-06-05,88,94,3,0,1,0,1,1,1,0,1,0,0,1,0,0,0,0,1,1,0,0,1,0,0,0,0,0,0,0,0,0,0,0,0,PG,0,1,0,0,0,1,0,1,0
Director,American Beauty,Sam Mendes,1,2000,8.4,1999-10-01,93,88,8,1,0,1,1,1,1,0,0,1,0,0,0,1,0,0,0,1,0,0,0,0,0,0,0,0,0,0,0,0,0,0,0,R,0,0,0,1,0,1,0,1,0
Director,The Cider House Rules,Lasse Hallstrm,0,2000,7.4,2000-01-07,77,71,7,0,0,0,0,0,0,0,1,1,1,0,0,0,0,0,0,1,0,0,0,0,0,1,0,0,0,0,0,0,0,0,0,PG-13,0,0,1,0,0,1,0,1,0
Director,Being John Malkovich,Spike Jonze,0,2000,7.8,1999-12-03,87,93,3,0,0,0,0,0,1,0,0,0,0,0,0,1,0,0,1,1,0,1,0,0,0,0,0,0,0,0,0,0,0,0,0,R,0,0,0,1,0,1,0,1,0
Director,The Insider,Michael Mann,0,2000,7.9,1999-11-05,90,96,7,0,0,0,1,0,1,0,0,1,0,0,0,1,1,0,0,1,0,0,0,0,0,0,0,0,0,0,1,0,0,0,0,R,0,0,0,1,0,1,0,1,0
Director,The Sixth Sense,M. Night Shyamalan,0,2000,8.1,1999-08-06,89,85,6,0,0,0,0,1,1,0,0,1,0,0,1,0,0,0,0,1,0,0,0,1,0,0,0,0,0,0,1,0,0,0,0,PG-13,0,0,1,0,0,1,0,1,0
Director,Traffic,Steven Soderbergh,1,2001,7.6,2001-01-05,85,92,5,0,0,0,1,1,1,0,0,1,1,0,0,0,0,1,0,1,0,0,0,0,0,0,0,0,0,0,1,0,0,0,0,R,0,0,0,1,0,0,1,0,1
Director,Billy Elliot,Stephen Daldry,0,2001,7.7,2000-11-10,89,85,3,0,0,0,0,1,0,0,0,0,0,0,0,1,0,0,0,1,0,0,0,0,1,1,0,0,0,0,0,0,0,0,0,R,0,0,0,1,0,1,0,1,0
Director,"Crouching Tiger, Hidden Dragon (Wo hu cang long)",Ang Lee,0,2001,7.9,2001-01-12,86,97,0,1,1,1,1,1,1,0,0,1,1,0,0,0,0,0,0,0,0,0,0,0,0,0,0,0,0,0,0,0,0,0,0,PG-13,0,0,1,0,0,1,0,1,0
Director,Gladiator,Ridley Scott,0,2001,8.5,2000-05-05,87,76,12,0,0,0,1,1,1,0,1,1,0,1,0,0,0,0,0,1,0,0,0,0,0,0,0,0,0,0,0,0,0,1,1,R,0,0,0,1,0,1,0,1,0
Director,Erin Brockovich,Steven Soderbergh,0,2001,7.3,2000-03-17,80,84,5,0,0,0,1,1,1,0,0,1,1,0,0,0,1,0,0,1,0,0,0,0,0,0,0,0,0,0,0,0,0,0,0,R,0,0,0,1,0,0,1,0,1
Director,A Beautiful Mind,Ron Howard,1,2002,8.2,2002-01-04,93,75,8,0,0,1,1,1,1,0,0,1,1,0,0,0,1,0,0,1,0,0,0,0,0,0,0,0,0,0,0,0,0,0,0,PG-13,0,0,1,0,0,0,1,0,1
Director,Gosford Park,Robert Altman,0,2002,7.3,2002-01-18,78,86,7,1,0,0,1,1,0,0,1,1,1,0,0,0,0,0,1,1,0,0,0,1,0,0,0,0,0,0,0,0,0,0,0,R,0,0,0,1,0,1,0,1,0
Director,The Lord of the Rings: The Fellowship of the Ring,Peter Jackson,0,2002,8.8,2001-12-19,95,91,12,0,1,0,1,1,1,0,0,1,0,0,0,1,0,0,0,1,0,1,0,0,0,0,0,0,0,0,0,0,0,0,1,PG-13,0,0,1,0,0,1,0,1,0
Director,Mulholland Drive,David Lynch,0,2002,8,2001-10-19,88,82,1,0,0,0,1,0,0,0,1,0,0,0,0,1,0,0,0,0,0,0,0,0,0,0,0,0,0,0,0,0,0,0,0,R,0,0,0,1,0,1,0,1,0
Director,Black Hawk Down,Ridley Scott,0,2002,7.7,2002-01-18,88,76,4,0,0,0,0,0,1,0,1,0,1,0,0,0,0,0,0,1,0,0,0,0,0,0,1,1,0,0,0,0,0,0,0,R,0,0,0,1,0,1,0,1,0
Director,The Pianist,Roman Polanski,1,2003,8.5,2003-03-28,95,96,7,0,1,0,0,1,1,0,1,1,1,0,0,0,1,0,0,1,0,0,0,0,1,0,0,0,0,0,0,0,0,0,0,R,0,0,0,1,0,1,0,0,1
Director,Talk to Her,Pedro Almodvar,0,2003,8,2003-02-14,93,92,2,0,0,0,0,0,0,0,0,0,1,0,0,0,0,0,0,1,0,0,0,1,0,1,0,0,0,0,0,0,0,0,0,R,0,0,0,1,0,1,0,1,0
Director,The Hours,Stephen Daldry,0,2003,7.6,2003-02-14,84,81,9,0,0,0,1,1,1,0,1,1,1,0,0,0,0,0,0,1,0,0,0,0,0,1,0,0,0,0,0,0,0,0,0,PG-13,0,0,1,0,0,1,0,1,0
Director,Chicago,Rob Marshall,0,2003,7.2,2003-01-24,83,86,12,0,0,1,1,1,1,0,0,1,1,0,0,0,0,1,1,0,0,0,0,0,0,0,0,0,0,0,0,0,0,0,0,PG-13,0,0,1,0,0,1,0,1,0
Director,Gangs of New York,Martin Scorsese,0,2003,7.5,2002-12-20,81,75,9,1,0,0,1,1,1,0,1,1,0,0,0,1,0,1,0,1,0,0,0,0,0,0,0,0,0,0,0,0,0,0,0,R,0,0,0,1,0,1,0,0,1
Director,The Lord of the Rings: The Return of the King,Peter Jackson,1,2004,8.9,2003-12-17,86,95,10,1,0,1,1,1,1,0,1,1,0,0,0,1,0,0,0,1,0,1,0,0,0,0,0,0,0,0,0,0,0,0,1,PG-13,0,0,1,0,0,0,1,0,1
Director,Lost in Translation,Sofia Coppola,0,2004,7.8,2003-10-03,86,95,4,0,0,0,1,1,1,0,0,1,0,0,0,1,0,0,0,1,0,0,0,0,0,0,0,0,0,0,0,0,0,0,0,R,0,0,0,1,0,1,0,0,1
Director,Mystic River,Clint Eastwood,0,2004,8,2003-10-15,89,87,6,0,0,0,1,0,1,1,1,1,0,0,0,1,0,1,0,1,0,0,0,1,0,0,0,0,0,0,0,0,0,0,0,R,0,0,0,1,0,1,0,0,1
Director,City of God,Fernando Meirelles,0,2004,8.7,2004-02-13,97,90,4,0,0,0,0,0,0,0,0,0,1,0,0,0,0,1,0,1,0,0,0,0,0,0,0,0,0,0,0,0,0,0,0,R,0,0,0,1,0,1,0,1,0
Director,Master and Commander: The Far Side of the World,Peter Weir,0,2004,7.4,2003-11-14,80,85,10,0,1,0,1,1,1,0,1,1,0,0,0,1,0,0,0,1,0,0,0,0,0,0,0,0,0,0,0,0,0,1,1,PG-13,0,0,1,0,0,1,0,1,0
Director,Million Dollar Baby,Clint Eastwood,1,2005,8.1,2005-01-28,90,91,7,1,0,1,1,0,1,1,1,1,1,0,0,0,0,0,0,1,0,0,0,0,0,0,0,0,0,0,0,1,0,0,0,PG-13,0,0,1,0,0,1,0,0,1
Director,Ray,Taylor Hackford,0,2005,7.7,2004-10-29,87,81,6,0,0,0,0,0,1,0,0,1,0,0,0,1,1,0,0,1,0,0,0,0,1,0,0,0,0,0,0,0,0,0,0,PG-13,0,0,1,0,0,1,0,0,1
Director,Vera Drake,Mike Leigh,0,2005,7.7,2005-02-04,84,92,3,0,1,0,0,1,0,0,1,0,1,0,0,0,0,1,0,1,0,0,0,0,0,0,0,0,0,0,0,0,0,0,0,R,0,0,0,1,0,1,0,1,0
Director,Sideways,Alexander Payne,0,2005,7.5,2005-01-21,78,96,5,0,0,0,1,0,1,0,0,1,1,0,0,0,0,0,1,1,0,0,0,0,0,1,0,0,0,0,0,0,0,0,0,R,0,0,0,1,0,1,0,0,1
Director,The Aviator,Martin Scorsese,0,2005,7.5,2004-12-25,79,87,11,0,0,0,1,1,1,0,1,1,0,0,0,1,1,0,0,1,0,0,0,0,0,0,1,0,0,0,0,0,0,0,0,PG-13,0,0,1,0,0,0,1,0,1
Director,Brokeback Mountain,Ang Lee,1,2006,7.7,2006-01-13,82,87,8,1,1,1,1,1,1,0,1,1,1,0,0,0,0,0,0,1,0,0,0,0,0,1,0,0,0,0,0,0,0,0,0,R,0,0,0,1,0,0,1,0,1
Director,"Good Night, and Good Luck",George Clooney,0,2006,7.5,2005-11-04,83,93,0,0,0,0,1,1,1,0,0,1,0,0,0,1,0,0,0,0,0,0,0,0,0,0,0,0,0,0,0,0,0,0,0,PG,0,1,0,0,0,1,0,1,0
Director,Crash,Paul Haggis,0,2006,7.8,2005-05-06,88,75,5,0,0,0,0,1,1,0,0,1,0,1,0,0,0,1,0,1,0,0,0,0,0,0,0,0,0,0,1,0,0,0,0,R,0,0,0,1,0,1,0,0,1
Director,Capote,Bennett Miller,0,2006,7.4,2006-02-03,81,90,5,0,0,0,0,1,1,0,0,1,1,0,0,0,1,1,0,1,0,0,0,0,0,0,0,0,0,0,0,0,0,0,0,R,0,0,0,1,0,1,0,1,0
Director,Munich,Steven Spielberg,0,2006,7.6,2006-01-06,83,78,5,0,0,0,1,0,1,1,1,1,1,0,0,0,0,0,0,1,0,0,0,0,0,0,1,0,0,0,1,0,0,0,0,R,0,0,0,1,0,1,0,0,1
Director,The Departed,Martin Scorsese,1,2007,8.5,2006-10-06,94,91,5,1,0,1,1,1,1,0,1,1,0,0,0,1,0,1,0,1,0,0,0,0,0,0,0,0,0,0,1,0,0,0,0,R,0,0,0,1,0,0,1,0,1
Director,Letters from Iwo Jima,Clint Eastwood,0,2007,7.9,2007-02-02,86,91,4,0,0,0,1,0,0,1,1,1,1,0,0,0,0,0,0,1,0,0,0,0,0,0,1,1,0,0,0,0,0,0,0,R,0,0,0,1,0,1,0,0,1
Director,The Queen,Stephen Frears,0,2007,7.3,2006-11-17,76,97,6,0,0,0,1,1,1,0,1,1,0,0,0,1,1,0,0,1,0,0,0,0,0,0,0,0,0,0,0,0,0,0,0,PG-13,0,0,1,0,0,1,0,0,1
Director,United 93,Paul Greengrass,0,2007,7.6,2006-04-28,83,91,2,0,1,0,0,1,0,0,0,0,0,1,0,0,0,0,0,1,0,0,0,0,0,0,1,0,0,0,1,0,0,0,0,R,0,0,0,1,0,1,0,0,1
Director,Babel,Alejandro G. Iñárritu,0,2007,7.5,2006-11-10,77,69,7,0,0,0,1,1,1,0,0,1,0,0,0,1,0,0,0,1,0,0,0,0,0,0,0,0,0,0,0,0,0,0,0,R,0,0,0,1,0,1,0,1,0
Director,No Country for Old Men,Joel Coen,1,2008,8.1,2007-11-21,86,93,8,0,1,1,1,1,1,0,1,1,0,0,0,1,0,1,0,1,0,0,0,0,0,0,0,0,0,0,1,0,0,0,0,R,0,0,0,1,0,0,1,0,1
Director,There Will Be Blood,Paul Thomas Anderson,0,2008,8.1,2008-01-25,86,91,8,0,0,0,0,1,1,0,0,1,1,0,0,0,0,0,0,1,0,0,0,0,0,0,0,0,0,0,0,0,0,0,0,R,0,0,0,1,0,1,0,1,0
Director,Michael Clayton,Tony Gilroy,0,2008,7.3,2007-10-12,69,90,7,0,0,0,0,0,1,0,0,1,0,0,0,1,0,1,0,1,0,0,0,1,0,0,0,0,0,0,0,0,0,0,0,R,0,0,0,1,0,1,0,1,0
Director,Juno,Jason Reitman,0,2008,7.5,2007-12-25,88,94,4,0,0,0,0,0,0,0,0,1,0,0,0,1,0,0,1,1,0,0,0,0,0,0,0,0,0,0,0,0,0,0,0,PG-13,0,0,1,0,0,1,0,1,0
Director,The Diving Bell and the Butterfly,Julian Schnabel,0,2008,8,2008-02-01,92,94,4,1,0,0,1,0,1,0,0,0,1,0,0,0,1,0,0,1,0,0,0,0,0,0,0,0,0,0,0,0,0,0,0,PG-13,0,0,1,0,0,1,0,0,1
Director,Slumdog Millionaire,Danny Boyle,1,2009,8,2008-12-25,90,92,8,1,1,1,1,1,1,0,0,1,0,0,0,1,0,0,0,1,0,0,0,0,0,1,0,0,0,0,0,0,0,0,0,R,0,0,0,1,0,0,1,0,1
Director,The Reader,Stephen Daldry,0,2009,7.6,2009-01-30,79,61,5,0,0,0,1,1,0,0,1,1,1,0,0,0,0,0,0,1,0,0,0,0,0,1,0,0,0,0,0,0,0,0,0,R,0,0,0,1,0,1,0,1,0
Director,The Curious Case of Benjamin Button,David Fincher,0,2009,7.8,2008-12-25,80,72,13,0,0,0,1,1,1,0,0,1,0,0,0,1,0,0,0,1,0,1,0,0,0,1,0,0,0,0,0,0,0,0,0,PG-13,0,0,1,0,0,1,0,0,1
Director,Frost/Nixon,Ron Howard,0,2009,7.7,2009-01-23,88,92,5,0,0,0,1,1,1,1,1,1,1,0,0,0,1,0,0,1,0,0,0,0,0,0,0,0,0,0,0,0,0,0,0,R,0,0,0,1,0,1,0,0,1
Director,Milk,Gus Van Sant,0,2009,7.6,2009-01-30,89,94,8,0,0,0,0,0,1,0,1,1,1,0,0,0,1,0,0,1,0,0,0,0,0,0,0,0,0,0,0,0,0,0,0,R,0,0,0,1,0,1,0,0,1
Director,The Hurt Locker,Kathryn Bigelow,1,2010,7.6,2009-07-31,84,98,9,0,1,1,1,1,1,0,0,1,0,0,1,0,0,0,0,1,0,0,0,0,0,0,1,0,0,0,1,0,0,0,0,R,0,0,0,1,0,0,1,0,1
Director,Avatar,James Cameron,0,2010,7.8,2009-12-18,82,83,9,1,0,0,1,1,1,1,1,1,0,0,0,1,0,0,0,0,0,1,0,0,0,0,0,0,0,0,0,0,0,1,1,PG-13,0,0,1,0,0,1,0,0,1
Director,Precious,Lee Daniels,0,2010,7.3,2009-11-20,81,91,0,0,0,0,0,0,1,0,0,1,0,0,0,1,0,0,0,1,0,0,0,0,0,0,0,0,0,0,0,0,0,0,0,R,0,0,0,1,0,1,0,0,1
Director,Up in the Air,Jason Reitman,0,2010,7.4,2009-12-23,79,91,6,0,0,0,1,0,1,0,1,1,0,0,0,1,0,0,0,1,0,0,0,0,0,1,0,0,0,0,0,0,0,0,0,R,0,0,0,1,0,1,0,0,1
Director,Inglourious Basterds,Quentin Tarantino,0,2010,8.3,2009-08-21,87,89,8,0,0,0,1,1,1,0,1,1,0,0,1,0,0,0,0,1,0,0,0,0,0,0,0,1,0,0,0,0,0,0,1,R,0,0,0,1,0,1,0,0,1
Director,The King's Speech,Tom Hooper,1,2011,8,2010-12-25,92,95,12,0,0,1,1,1,1,0,0,1,0,0,0,1,1,0,0,1,0,0,0,0,0,0,0,0,0,0,0,0,0,0,0,R,0,0,0,1,0,1,0,0,1
Director,Black Swan,Darren Aronofsky,0,2011,8,2010-12-17,84,87,5,0,0,0,1,1,1,0,0,1,0,0,0,1,0,0,0,1,0,0,0,0,0,0,0,0,0,0,1,0,0,0,0,R,0,0,0,1,0,1,0,0,1
Director,True Grit,Joel Coen,0,2011,7.4,1969-06-21,83,90,11,0,0,0,0,0,0,1,1,1,0,1,0,0,0,0,0,1,0,0,0,0,0,0,0,0,0,1,0,0,0,0,1,M,0,1,0,0,0,1,0,0,1
Director,The Social Network,David Fincher,0,2011,7.7,2010-10-01,86,96,8,1,1,0,1,1,1,0,1,1,0,0,0,1,1,0,0,1,0,0,0,0,0,0,0,0,0,0,0,0,0,0,0,PG-13,0,0,1,0,0,0,1,0,1
Director,The Fighter,David O. Russell,0,2011,7.9,2010-12-17,89,90,7,0,0,0,1,0,1,0,0,1,0,0,0,1,1,0,0,1,0,0,0,0,0,0,0,0,0,0,0,1,0,0,0,R,0,0,0,1,0,1,0,1,0
Director,The Artist,Michel Hazanavicius,1,2012,7.9,2012-01-20,87,96,10,0,1,1,1,1,1,0,0,1,1,0,0,0,0,0,1,1,0,0,0,0,0,1,0,0,0,0,0,0,0,0,0,PG-13,0,0,1,0,0,0,1,0,1
Director,Midnight in Paris,Woody Allen,0,2012,7.7,2011-06-10,83,93,4,0,0,0,1,0,1,1,1,1,0,1,0,0,0,0,1,0,0,1,0,0,0,1,0,0,0,0,0,0,0,0,0,PG-13,0,0,1,0,0,1,0,1,0
Director,The Tree of Life,Terrence Malick,0,2012,6.8,2011-05-17,60,84,3,0,0,0,0,0,0,0,1,1,0,1,0,0,0,0,0,1,0,1,0,0,0,0,0,0,0,0,0,0,0,0,0,PG-13,0,0,1,0,0,1,0,1,0
Director,The Descendants,Alexander Payne,0,2012,7.3,2011-12-09,79,89,5,0,0,0,1,0,1,0,1,1,0,0,0,1,0,0,1,1,0,0,0,0,0,0,0,0,0,0,0,0,0,0,0,R,0,0,0,1,0,1,0,0,1
Director,Hugo,Martin Scorsese,0,2012,7.5,2011-11-23,78,94,11,1,0,0,1,1,1,1,1,1,0,0,0,1,0,0,0,1,0,0,0,0,0,0,0,0,0,0,0,0,1,0,1,PG,0,1,0,0,0,1,0,0,1
Director,Life of Pi,Ang Lee,1,2013,7.9,2012-11-21,84,87,10,0,0,0,1,1,1,1,1,1,0,0,0,1,0,0,0,1,0,1,0,0,0,0,0,0,0,0,0,0,0,0,1,PG,0,1,0,0,0,1,0,0,1
Director,Amour,Michael Haneke,0,2013,7.9,2012-09-20,82,93,5,0,0,0,0,1,0,0,0,1,0,0,1,0,0,0,0,1,0,0,0,0,0,0,0,0,0,0,0,0,0,0,0,PG-13,0,0,1,0,0,1,0,1,0
Director,Silver Linings Playbook,David O. Russell,0,2013,7.8,2012-12-25,86,92,8,0,0,0,0,0,0,0,1,1,0,0,0,1,0,0,1,1,0,0,0,0,0,1,0,0,0,0,0,0,0,0,0,R,0,0,0,1,0,1,0,0,1
Director,Lincoln,Steven Spielberg,0,2013,7.4,2012-11-16,80,90,12,0,0,0,1,0,1,1,1,1,0,0,0,1,1,0,0,1,0,0,0,0,0,0,1,0,0,0,0,0,0,0,0,PG-13,0,0,1,0,0,1,0,0,1
Director,Beasts of the Southern Wild,Benh Zeitlin,0,2013,7.3,2012-07-05,76,86,4,0,0,0,0,0,0,0,0,1,0,0,1,0,0,0,0,1,0,1,0,0,0,0,0,0,0,0,0,0,0,0,1,PG-13,0,0,1,0,0,1,0,1,0
Director,Gravity,Alfonso Cuarón,1,2014,7.8,2013-10-04,80,96,10,1,1,1,1,1,1,0,0,1,0,0,0,1,0,0,0,1,0,0,1,0,0,0,0,0,0,0,1,0,0,0,0,PG-13,0,0,1,0,0,0,1,0,1
Director,12 Years a Slave,Steve McQueen,0,2014,8.1,2013-11-08,90,96,9,0,0,0,1,1,1,0,0,1,0,0,0,1,1,0,0,1,0,0,0,0,0,0,1,0,0,0,0,0,0,0,0,R,0,0,0,1,0,1,0,0,1
Director,Nebraska,Alexander Payne,0,2014,7.7,2014-01-24,83,91,6,0,0,0,1,0,0,0,1,1,1,0,0,0,0,0,1,1,0,0,0,0,0,0,0,0,0,0,0,0,0,0,1,R,0,0,0,1,0,1,0,1,0
Director,American Hustle,David O. Russell,0,2014,7.3,2013-12-20,74,93,10,0,0,0,1,1,1,0,1,1,0,0,0,1,0,1,0,1,0,0,0,0,0,0,0,0,0,0,0,0,0,0,0,R,0,0,0,1,0,1,0,0,1
Director,The Wolf of Wall Street,Martin Scorsese,0,2014,8.2,2013-12-25,82,77,5,0,0,0,0,1,1,1,1,1,0,0,0,1,1,1,1,0,0,0,0,0,0,0,0,0,0,0,0,0,0,0,0,R,0,0,0,1,0,1,0,0,1
Director,Birdman or (The Unexpected Virtue of Ignorance),Alejandro G. Iñárritu,1,2015,7.8,2014-11-14,77,91,9,0,0,1,1,1,1,0,0,1,0,0,0,1,0,0,1,1,0,0,0,0,0,0,0,0,0,0,0,0,0,0,0,R,0,0,0,1,0,1,0,0,1
Director,The Grand Budapest Hotel,Wes Anderson,0,2015,8.1,2014-03-28,86,92,9,0,0,0,1,1,1,0,0,1,1,0,0,0,0,0,1,1,0,0,0,0,0,0,0,0,0,0,0,0,0,0,1,R,0,0,0,1,0,1,0,0,1
Director,Boyhood,Richard Linklater,0,2015,7.9,2014-08-15,81,98,6,1,1,0,1,1,1,0,0,1,0,0,1,0,0,0,0,1,0,0,0,0,0,0,0,0,0,0,0,0,0,0,0,R,0,0,0,1,0,0,1,0,1
Director,Foxcatcher,Bennett Miller,0,2015,7,2015-01-16,66,88,5,0,0,0,0,0,0,0,1,0,1,0,0,0,1,0,0,1,0,0,0,0,0,0,0,0,0,0,0,1,0,0,0,R,0,0,0,1,0,1,0,1,0
Director,The Imitation Game,Morten Tyldum,0,2015,8.1,2014-12-25,91,90,8,0,0,0,0,0,1,0,0,1,0,0,0,1,1,0,0,1,0,0,0,0,0,0,1,0,0,0,0,0,0,0,0,PG-13,0,0,1,0,0,1,0,1,0
Director,The Revenant,Alejandro G. Iñárritu,1,2016,8,2016-01-08,84,81,12,1,1,1,1,1,1,0,0,1,1,0,0,0,0,0,0,1,0,0,0,0,0,0,1,0,0,0,0,0,0,0,1,R,0,0,0,1,0,1,0,0,1
Director,Room,Lenny Abrahamson,0,2016,8.2,2016-01-22,93,94,4,0,0,0,0,0,0,0,0,1,1,0,0,0,0,0,0,1,0,0,0,0,0,0,0,0,0,0,0,0,0,0,0,R,0,0,0,1,0,1,0,1,0
Director,Spotlight,Tom McCarthy,0,2016,8.1,2015-11-20,93,96,6,0,0,0,1,0,1,0,0,1,0,0,0,1,0,1,0,1,0,0,0,0,0,0,1,0,0,0,0,0,0,0,0,R,0,0,0,1,0,1,0,0,1
Director,The Big Short,Adam McKay,0,2016,7.8,2015-12-23,88,88,5,0,0,0,0,1,1,0,0,1,0,0,0,1,1,0,1,1,0,0,0,0,0,0,0,0,0,0,0,0,0,0,0,R,0,0,0,1,0,1,0,1,0
Director,Mad Max: Fury Road,George Miller,0,2016,8.1,2015-05-15,86,97,10,0,0,0,1,0,1,0,0,1,0,1,0,0,0,0,0,0,0,0,1,0,0,0,0,0,0,0,0,0,0,1,1,R,0,0,0,1,0,0,1,0,1
Director,La La Land,Damien Chazelle,1,2017,8.5,2016-12-25,85,93,14,1,1,1,1,1,1,0,0,1,0,0,0,1,0,0,1,1,0,0,0,0,1,0,0,0,0,0,0,0,0,0,0,PG-13,0,0,1,0,0,0,1,0,1
Director,Hacksaw Ridge,Mel Gibson,0,2017,8.3,2016-11-04,93,86,6,0,0,0,1,0,0,1,1,1,0,0,0,1,1,0,0,1,0,0,0,0,0,0,1,0,0,0,0,0,0,0,0,R,0,0,0,1,0,1,0,0,1
Director,Moonlight,Barry Jenkins,0,2017,7.9,2016-11-18,86,98,7,0,0,0,1,0,1,0,0,1,0,0,0,1,0,0,0,1,0,0,0,0,0,0,0,0,0,0,0,0,0,0,0,R,0,0,0,1,0,1,0,0,1
Director,Manchester by the Sea,Kenneth Lonergan,0,2017,8.1,2016-12-16,81,96,5,0,0,0,1,1,1,0,0,1,0,0,0,1,0,0,0,1,0,0,0,0,0,0,0,0,0,0,0,0,0,0,0,R,0,0,0,1,0,1,0,0,1
Director,Arrival,Denis Villeneuve,0,2017,8.1,2016-11-11,82,94,8,0,0,0,0,1,1,0,0,1,0,0,0,1,0,0,0,1,0,0,1,1,0,0,0,0,0,0,0,0,0,0,0,PG-13,0,0,1,0,0,1,0,0,1
Director,Dunkirk,Christopher Nolan,0,2018,8.1,2017-07-21,81,92,8,0,0,0,1,1,1,0,0,1,0,0,1,0,0,0,0,1,0,0,0,0,0,0,1,0,0,0,0,0,0,1,0,PG-13,0,0,1,0,0,1,0,0,1
Director,Get Out,Jordan Peele,0,2018,7.7,2018-02-24,87,99,4,0,0,0,0,0,1,0,0,1,1,0,0,0,0,0,0,0,1,0,0,1,0,0,0,0,0,0,1,0,0,0,0,R,0,0,0,1,0,1,0,0,1
Director,Lady Bird,Greta Gerwig,0,2018,7.8,2017-12-01,81,99,5,0,0,0,0,0,1,0,0,1,0,0,0,1,0,0,1,1,0,0,0,0,0,0,0,0,0,0,0,0,0,0,0,R,0,0,0,1,0,1,0,0,1
Director,Phantom Thread,Paul Thomas Anderson,0,2018,8.3,2018-01-19,61,91,6,0,0,0,0,0,0,0,1,1,1,0,0,0,0,0,0,1,0,0,0,0,0,1,0,0,0,0,0,0,0,0,0,R,0,0,0,1,0,1,0,1,0
Director,The Shape of Water,Guillermo del Toro,0,2018,7.8,2017-12-22,92,78,13,1,1,1,1,1,1,0,0,1,0,0,0,1,0,0,0,1,0,1,0,0,0,0,0,0,0,0,0,0,0,0,1,R,0,0,0,1,0,0,1,0,1
Director,Roma,Alfonso Cuarón,1,2019,8,2018-11-21,96,83,10,1,1,1,1,1,1,1,1,1,0,0,0,1,0,0,0,1,0,0,0,0,0,0,0,0,0,0,0,0,0,0,0,,0,0,1,0,0,0,1,0,1
Director,The Favourite,Yorgos Lanthimos,0,2019,7.9,2018-12-01,93,62,10,0,0,0,0,1,0,0,0,1,0,0,0,1,1,0,1,1,0,0,0,0,0,0,0,0,0,0,0,0,0,0,0,,0,0,1,0,0,1,0,0,1
Director,BlacKkKlansman,Spike Lee,0,2019,7.5,2018-09-27,95,82,6,0,0,0,1,1,1,0,0,1,0,0,1,0,1,1,0,1,0,0,0,0,0,0,0,0,0,0,0,0,0,0,0,,0,1,0,0,0,1,0,0,1
Director,Vice,Adam McKay,0,2019,7.1,2018-12-12,66,55,8,0,0,0,1,0,1,0,1,1,0,0,0,1,1,0,1,1,0,0,0,0,0,0,0,0,0,0,0,0,0,0,0,,0,0,1,0,0,1,0,0,1
Director,Cold War,Pawel Pawlikowski,0,2019,7.8,2018-12-18,95,87,3,0,0,0,0,1,0,0,0,0,0,0,0,1,0,0,0,1,0,0,0,0,1,1,0,0,0,0,0,0,0,0,0,,0,1,0,0,0,1,0,1,0
