Category,Film,Nominee,Winner,Year,Rating_IMDB,Release_date,Rating_rtaudience,Rating_rtcritic,Oscarstat_totalnoms,Release_Q1,Release_Q2,Release_Q3,Release_Q4,Nom_Oscar_bestdirector,Nom_DGA,Nom_BAFTA,Win_DGA,Win_BAFTA,Nom_GoldenGlobe_bestcomedy,Nom_GoldenGlobe_bestdrama,Win_GoldenGlobe_bestcomedy,Win_GoldenGlobe_bestdrama,Genre_action,Genre_biography,Genre_crime,Genre_comedy,Genre_drama,Genre_horror,Genre_fantasy,Genre_sci-fi,Genre_mystery,Genre_music,Genre_romance,Genre_history,Genre_war,Genre_filmnoir,Genre_thriller,Genre_adventure,Genre_family,Genre_sport,Genre_western,MPAA_rating,MPAA_G,MPAA_PG,MPAA_PG-13,MPAA_R,MPAA_NC-17,Nowin_Criticschoice,Win_Criticschoice,Nonom_Criticschoice,Nom_Criticschoice,Nowin_SAG_bestcast,Win_SAG_bestcast,Nonom_SAG_bestcast,Nom_SAG_bestcast,Nowin_PGA,Win_PGA,Nonom_PGA,Nom_PGA
Picture,The Apartment,The Apartment,1,1961,8.3,1960-09-16,94,93,10,0,0,1,0,1,1,1,1,1,1,0,1,0,0,0,0,1,1,0,0,0,0,0,1,0,0,0,0,0,0,0,0,APPROVED,0,0,0,0,0,0,0,0,0,0,0,0,0,0,0,0,0
Picture,The Alamo,The Alamo,0,1961,6.9,1960-10-24,64,50,6,0,0,0,1,0,0,0,0,0,0,0,0,0,0,0,0,0,1,0,0,0,0,0,0,1,0,0,0,1,0,0,0,UNRATED,0,0,0,0,0,0,0,0,0,0,0,0,0,0,0,0,0
Picture,Elmer Gantry,Elmer Gantry,0,1961,7.9,1960-07,86,96,5,0,0,1,0,0,1,1,0,0,0,1,0,0,0,0,0,0,1,0,0,0,0,0,0,0,0,0,0,0,0,0,0,APPROVED,0,0,0,0,0,0,0,0,0,0,0,0,0,0,0,0,0
Picture,Sons and Lovers,Sons and Lovers,0,1961,7.3,1960-07-22,54,75,7,0,0,1,0,1,0,0,0,0,0,1,0,0,0,0,0,0,1,0,0,0,0,0,0,0,0,0,0,0,0,0,0,,0,0,0,0,0,0,0,0,0,0,0,0,0,0,0,0,0
Picture,The Sundowners,The Sundowners,0,1961,7.2,1961-02-28,62,78,5,1,0,0,0,1,0,1,0,0,0,0,0,0,0,0,0,0,1,0,0,0,0,0,0,0,0,0,0,1,0,0,0,UNRATED,0,0,0,0,0,0,0,0,0,0,0,0,0,0,0,0,0
Picture,West Side Story,West Side Story,1,1962,7.6,1961-12-23,84,94,11,0,0,0,1,1,1,1,1,0,0,0,0,0,0,0,1,0,1,0,0,0,0,0,0,0,0,0,0,0,0,0,0,UNRATED,0,0,0,0,0,0,0,0,0,0,0,0,0,0,0,0,0
Picture,Fanny,Fanny,0,1962,7.1,1961-06-28,94,100,5,0,1,0,0,0,1,0,0,0,0,1,0,0,0,0,0,0,1,0,0,0,0,0,1,0,0,0,0,0,0,0,0,,0,0,0,0,0,0,0,0,0,0,0,0,0,0,0,0,0
Picture,The Guns of Navarone,The Guns of Navarone,0,1962,7.6,1961-06-22,86,95,7,0,1,0,0,1,0,0,0,0,0,1,0,1,1,0,0,0,1,0,0,0,0,0,0,0,0,0,0,1,0,0,0,,0,0,0,0,0,0,0,0,0,0,0,0,0,0,0,0,0
Picture,The Hustler,The Hustler,0,1962,8,1961-10-27,93,98,9,0,0,0,1,1,0,1,0,1,0,0,0,0,0,0,0,0,1,0,0,0,0,0,0,0,0,0,0,0,0,1,0,UNRATED,0,0,0,0,0,0,0,0,0,0,0,0,0,0,0,0,0
Picture,Judgment at Nuremberg,Judgment at Nuremberg,0,1962,8.3,1961-12-18,93,90,11,0,0,0,1,1,1,1,0,0,0,1,0,0,0,0,0,0,1,0,0,0,0,0,0,0,1,0,0,0,0,0,0,NOT RATED,0,0,0,0,0,0,0,0,0,0,0,0,0,0,0,0,0
Picture,Lawrence of Arabia,Lawrence of Arabia,1,1963,8.3,1962-12-11,93,97,10,0,0,0,1,1,1,1,1,1,0,1,0,1,0,1,0,0,1,0,0,0,0,0,0,0,0,0,0,1,0,0,0,PG,0,1,0,0,0,0,0,0,0,0,0,0,0,0,0,0,0
Picture,The Longest Day,The Longest Day,0,1963,7.8,1962-10-04,90,92,5,0,0,0,1,0,0,0,0,0,0,1,0,0,1,0,0,0,1,0,0,0,0,0,0,1,0,0,0,0,0,0,0,G,1,0,0,0,0,0,0,0,0,0,0,0,0,0,0,0,0
Picture,The Music Man,The Music Man,0,1963,7.7,1962-06-19,85,94,0,0,1,0,0,0,1,0,0,0,0,0,0,0,0,0,0,1,0,0,0,0,0,0,1,0,0,0,0,0,0,0,0,APPROVED,0,0,0,0,0,0,0,0,0,0,0,0,0,0,0,0,0
Picture,Mutiny on the Bounty,Mutiny on the Bounty,0,1963,7.2,1962-11-08,72,71,14,0,0,0,1,0,1,0,0,0,0,1,0,0,0,0,0,0,1,0,0,0,0,0,0,1,0,0,0,1,0,0,0,UNRATED,0,0,0,0,0,0,0,0,0,0,0,0,0,0,0,0,0
Picture,To Kill a Mockingbird,To Kill a Mockingbird,0,1963,8.3,1963-03-16,93,91,8,1,0,0,0,1,1,1,0,0,0,1,0,0,0,0,1,0,1,0,0,0,0,0,0,0,0,0,0,0,0,0,0,NOT RATED,0,0,0,0,0,0,0,0,0,0,0,0,0,0,0,0,0
Picture,Tom Jones,Tom Jones,1,1964,6.7,1963-12-11,58,83,10,0,0,0,1,1,1,1,0,1,1,0,1,0,0,0,0,1,0,0,0,0,0,0,0,1,0,0,0,1,0,0,0,UNRATED,0,0,0,0,0,0,0,0,0,0,0,0,0,0,0,0,0
Picture,America America,America America,0,1964,7.9,1964-06-17,86,71,4,0,1,0,0,1,1,0,0,0,0,1,0,0,0,0,0,0,1,0,0,0,0,0,0,0,0,0,0,0,0,0,0,,0,0,0,0,0,0,0,0,0,0,0,0,0,0,0,0,0
Picture,Cleopatra,Cleopatra,0,1964,7,1963-07-31,69,55,14,0,0,1,0,0,0,0,0,0,0,1,0,0,0,1,0,0,1,0,0,0,0,0,0,1,0,0,0,0,0,0,0,APPROVED,0,0,0,0,0,0,0,0,0,0,0,0,0,0,0,0,0
Picture,How the West Was Won,How the West Was Won,0,1964,7.1,1963-02-20,74,100,8,1,0,0,0,0,0,0,0,0,0,0,0,0,0,0,0,0,0,0,0,0,0,0,0,0,0,0,0,0,0,0,1,APPROVED,0,0,0,0,0,0,0,0,0,0,0,0,0,0,0,0,0
Picture,Lilies of the Field,Lilies of the Field,0,1964,7.7,1963-07-05,86,100,5,0,0,1,0,0,1,0,0,0,0,1,0,0,0,0,0,0,1,0,0,0,0,0,0,0,0,0,0,0,0,0,0,UNRATED,0,0,0,0,0,0,0,0,0,0,0,0,0,0,0,0,0
Picture,My Fair Lady,My Fair Lady,1,1965,7.9,1964-12-25,90,96,12,0,0,0,1,1,1,1,1,1,1,0,1,0,0,0,0,0,1,0,0,0,0,0,0,0,0,0,0,0,1,0,0,APPROVED,0,0,0,0,0,0,0,0,0,0,0,0,0,0,0,0,0
Picture,Becket,Becket,0,1965,8,1964-03-11,88,76,12,1,0,0,0,1,1,1,0,0,0,1,0,1,0,1,0,0,1,0,0,0,0,0,0,1,0,0,0,0,0,0,0,PG-13,0,0,1,0,0,0,0,0,0,0,0,0,0,0,0,0,0
Picture,Dr. Strangelove or: How I Learned to Stop Worrying and Love the Bomb,Dr. Strangelove or: How I Learned to Stop Worrying and Love the Bomb,0,1965,8.5,1964-01-29,94,99,4,1,0,0,0,1,1,1,0,1,0,0,0,0,0,0,0,1,0,0,0,0,0,0,0,0,1,0,0,0,0,0,0,PG,0,1,0,0,0,0,0,0,0,0,0,0,0,0,0,0,0
Picture,Mary Poppins,Mary Poppins,0,1965,7.8,1964-09-11,86,100,12,0,0,1,0,1,1,0,0,0,1,0,0,0,0,0,0,1,0,0,1,0,0,0,0,0,0,0,0,0,1,0,0,APPROVED,0,0,0,0,0,0,0,0,0,0,0,0,0,0,0,0,0
Picture,Zorba the Greek,Zorba the Greek,0,1965,7.8,1964-12-14,87,86,7,0,0,0,1,1,0,1,0,0,0,1,0,0,0,0,0,1,1,0,0,0,0,0,0,0,0,0,0,0,0,0,0,UNRATED,0,0,0,0,0,0,0,0,0,0,0,0,0,0,0,0,0
Picture,The Sound of Music,The Sound of Music,1,1966,8,1965-03-29,91,86,10,1,0,0,0,1,1,0,1,0,1,0,1,0,0,1,0,0,1,0,0,0,0,0,0,0,0,0,0,0,1,0,0,G,1,0,0,0,0,0,0,0,0,0,0,0,0,0,0,0,0
Picture,Darling,Darling,0,1966,7.2,1965-08-03,71,70,5,0,0,1,0,1,1,0,0,0,0,0,0,0,0,0,0,0,1,0,0,0,0,0,1,0,0,0,0,0,0,0,0,TV-MA,0,0,0,0,0,0,0,0,0,0,0,0,0,0,0,0,0
Picture,Doctor Zhivago,Doctor Zhivago,0,1966,8,1965-12-31,88,82,10,0,0,0,1,1,0,1,0,0,0,1,0,1,0,0,0,0,1,0,0,0,0,0,1,0,1,0,0,0,0,0,0,APPROVED,0,0,0,0,0,0,0,0,0,0,0,0,0,0,0,0,0
Picture,Ship of Fools,Ship of Fools,0,1966,7.2,1965-10,80,81,8,0,0,0,1,0,0,0,0,0,0,1,0,0,0,0,0,0,1,0,0,0,0,0,1,0,1,0,0,0,0,0,0,,0,0,0,0,0,0,0,0,0,0,0,0,0,0,0,0,0
Picture,A Thousand Clowns,A Thousand Clowns,0,1966,7.6,1966-09-09,91,69,4,0,0,1,0,0,0,0,0,0,1,0,0,0,0,0,0,1,1,0,0,0,0,0,1,0,0,0,0,0,0,0,0,UNRATED,0,0,0,0,0,0,0,0,0,0,0,0,0,0,0,0,0
Picture,A Man for All Seasons,A Man for All Seasons,1,1967,7.9,1967-05-03,87,82,8,0,1,0,0,1,1,0,1,0,0,1,0,1,0,1,0,0,1,0,0,0,0,0,0,1,0,0,0,0,0,0,0,APPROVED,0,0,0,0,0,0,0,0,0,0,0,0,0,0,0,0,0
Picture,Alfie,Alfie,0,1967,7.1,1966-08-24,76,100,4,0,0,1,0,0,1,0,0,0,0,0,0,0,0,0,0,1,1,0,0,0,0,0,0,0,0,0,0,0,0,0,0,APPROVED,0,0,0,0,0,0,0,0,0,0,0,0,0,0,0,0,0
Picture,"The Russians Are Coming, the Russians Are Coming","The Russians Are Coming, the Russians Are Coming",0,1967,7.1,1966-05-25,75,84,0,0,1,0,0,0,1,0,0,0,1,0,1,0,0,0,0,0,0,0,0,0,0,0,0,0,0,0,0,0,0,0,0,UNRATED,0,0,0,0,0,0,0,0,0,0,0,0,0,0,0,0,0
Picture,The Sand Pebbles,The Sand Pebbles,0,1967,7.7,1966-12-20,88,93,8,0,0,0,1,0,1,0,0,0,0,1,0,0,0,0,0,0,1,0,0,0,0,0,1,0,0,0,0,1,0,0,0,APPROVED,0,0,0,0,0,0,0,0,0,0,0,0,0,0,0,0,0
Picture,Who's Afraid of Virginia Woolf?,Who's Afraid of Virginia Woolf?,0,1967,8.1,1966-06-22,91,95,13,0,1,0,0,1,1,1,0,1,0,1,0,0,0,0,0,0,1,0,0,0,0,0,0,0,0,0,0,0,0,0,0,TV-MA,0,0,0,0,0,0,0,0,0,0,0,0,0,0,0,0,0
Picture,In the Heat of the Night,In the Heat of the Night,1,1968,8,1967-10-25,92,95,7,0,0,0,1,1,1,1,0,0,0,1,0,1,0,0,1,0,1,0,0,0,1,0,0,0,0,0,0,0,0,0,0,APPROVED,0,0,0,0,0,0,0,0,0,0,0,0,0,0,0,0,0
Picture,Bonnie and Clyde,Bonnie and Clyde,0,1968,7.9,1967-09,88,88,10,0,0,1,0,1,1,1,0,0,0,1,0,0,1,1,1,0,0,0,0,0,0,0,0,0,0,0,0,0,0,0,0,APPROVED,0,0,0,0,0,0,0,0,0,0,0,0,0,0,0,0,0
Picture,Doctor Dolittle,Doctor Dolittle,0,1968,6.2,1967-12-19,57,32,8,0,0,0,1,0,0,0,0,0,1,0,0,0,0,0,0,1,0,0,0,0,0,0,0,0,0,0,0,1,1,0,0,APPROVED,0,0,0,0,0,0,0,0,0,0,0,0,0,0,0,0,0
Picture,The Graduate,The Graduate,0,1968,8,1967-12-22,90,89,7,0,0,0,1,1,1,1,1,1,1,0,1,0,0,0,0,1,1,0,0,0,0,0,0,0,0,0,0,0,0,0,0,APPROVED,0,0,0,0,0,0,0,0,0,0,0,0,0,0,0,0,0
Picture,Guess Who's Coming to Dinner,Guess Who's Coming to Dinner,0,1968,7.8,1967-12-12,85,68,10,0,0,0,1,1,1,0,0,0,0,1,0,0,0,0,0,1,1,0,0,0,0,0,0,0,0,0,0,0,0,0,0,UNRATED,0,0,0,0,0,0,0,0,0,0,0,0,0,0,0,0,0
Picture,Oliver!,Oliver!,1,1969,7.5,1968-09-27,81,81,12,0,0,1,0,1,1,1,0,0,1,0,1,0,0,0,0,0,1,0,0,0,0,0,0,0,0,0,0,0,1,0,0,G,1,0,0,0,0,0,0,0,0,0,0,0,0,0,0,0,0
Picture,Funny Girl,Funny Girl,0,1969,7.5,1968-09-19,85,93,7,0,0,1,0,0,1,0,0,0,1,0,0,0,0,1,0,1,1,0,0,0,0,0,0,0,0,0,0,0,0,0,0,G,1,0,0,0,0,0,0,0,0,0,0,0,0,0,0,0,0
Picture,The Lion in Winter,The Lion in Winter,0,1969,8.1,1968-10-30,90,91,7,0,0,0,1,1,1,0,1,0,0,1,0,1,0,1,0,0,1,0,0,0,0,0,0,1,0,0,0,0,0,0,0,PG,0,1,0,0,0,0,0,0,0,0,0,0,0,0,0,0,0
Picture,"Rachel, Rachel","Rachel, Rachel",0,1969,7.5,1968-08-26,78,86,4,0,0,1,0,0,1,0,0,0,0,0,0,0,0,0,0,0,1,0,0,0,0,0,1,0,0,0,0,0,0,0,0,R,0,0,0,1,0,0,0,0,0,0,0,0,0,0,0,0,0
Picture,Romeo and Juliet,Romeo and Juliet,0,1969,7.6,1968-10-08,74,97,8,0,0,0,1,1,1,0,0,0,0,0,0,0,0,0,0,0,1,0,0,0,0,0,1,0,0,0,0,0,0,0,0,PG,0,1,0,0,0,0,0,0,0,0,0,0,0,0,0,0,0
Picture,Midnight Cowboy,Midnight Cowboy,1,1970,7.9,1969-06-16,88,90,7,0,1,0,0,1,1,1,1,1,0,1,0,0,0,0,0,0,1,0,0,0,0,0,0,0,0,0,0,0,0,0,0,R,0,0,0,1,0,0,0,0,0,0,0,0,0,0,0,0,0
Picture,Anne of the Thousand Days,Anne of the Thousand Days,0,1970,7.6,1969-12-18,84,42,10,0,0,0,1,0,0,0,0,0,0,1,0,1,0,1,0,0,1,0,0,0,0,0,0,1,0,0,0,0,0,0,0,M,0,1,0,0,0,0,0,0,0,0,0,0,0,0,0,0,0
Picture,Butch Cassidy and the Sundance Kid,Butch Cassidy and the Sundance Kid,0,1970,8.1,1969-10-24,92,89,6,0,0,0,1,1,1,1,0,1,0,1,0,0,0,1,1,0,1,0,0,0,0,0,0,0,0,0,0,0,0,0,0,APPROVED,0,0,0,0,0,0,0,0,0,0,0,0,0,0,0,0,0
Picture,"Hello, Dolly!","Hello, Dolly!",0,1970,7.2,1969-12-16,76,44,7,0,0,0,1,0,1,0,0,0,1,0,0,0,0,0,0,1,0,0,0,0,0,0,0,0,0,0,0,1,0,0,0,G,1,0,0,0,0,0,0,0,0,0,0,0,0,0,0,0,0
Picture,Z,Z,0,1970,8.2,1969-12-08,93,95,5,0,0,0,1,1,1,1,0,0,0,0,0,0,0,0,1,0,1,0,0,0,0,0,0,1,0,0,0,0,0,0,0,M,0,1,0,0,0,0,0,0,0,0,0,0,0,0,0,0,0
Picture,Patton,Patton,1,1971,8,1970-04-02,94,95,10,0,1,0,0,1,1,0,1,0,0,1,0,0,0,1,0,0,1,0,0,0,0,0,0,0,1,0,0,0,0,0,0,GP,0,1,0,0,0,0,0,0,0,0,0,0,0,0,0,0,0
Picture,Airport,Airport,0,1971,6.6,1970-03-05,54,80,10,1,0,0,0,0,0,0,0,0,0,1,0,0,1,0,0,0,1,0,0,0,0,0,0,0,0,0,1,0,0,0,0,G,1,0,0,0,0,0,0,0,0,0,0,0,0,0,0,0,0
Picture,Five Easy Pieces,Five Easy Pieces,0,1971,7.5,1970-12-10,84,87,4,0,0,0,1,0,1,0,0,0,0,1,0,0,0,0,0,0,1,0,0,0,0,0,0,0,0,0,0,0,0,0,0,R,0,0,0,1,0,0,0,0,0,0,0,0,0,0,0,0,0
Picture,Love Story,Love Story,0,1971,6.9,1970-12-16,75,57,7,0,0,0,1,1,1,0,0,0,0,1,0,1,0,0,0,0,1,0,0,0,0,0,1,0,0,0,0,0,0,0,0,PG,0,1,0,0,0,0,0,0,0,0,0,0,0,0,0,0,0
Picture,M*A*S*H,M*A*S*H,0,1971,7.6,1970-03,83,87,1,1,0,0,0,1,1,1,0,0,1,0,1,0,0,0,0,0,0,0,0,0,0,0,0,0,0,0,0,0,0,0,0,R,0,0,0,1,0,0,0,0,0,0,0,0,0,0,0,0,0
Picture,The French Connection,The French Connection,1,1972,7.8,1971-10-09,87,98,8,0,0,0,1,1,1,1,1,0,0,1,0,1,1,0,1,0,1,0,0,0,0,0,0,0,0,0,0,0,0,0,0,R,0,0,0,1,0,0,0,0,0,0,0,0,0,0,0,0,0
Picture,A Clockwork Orange,A Clockwork Orange,0,1972,8.3,1972-02-02,93,90,4,1,0,0,0,1,1,1,0,0,0,1,0,0,0,0,1,0,1,0,0,1,0,0,0,0,0,0,0,0,0,0,0,R,0,0,0,1,0,0,0,0,0,0,0,0,0,0,0,0,0
Picture,Fiddler on the Roof,Fiddler on the Roof,0,1972,8,1971-11-03,92,81,8,0,0,0,1,1,0,0,0,0,1,0,1,0,0,0,0,0,1,0,0,0,0,0,0,0,0,0,0,0,1,0,0,G,1,0,0,0,0,0,0,0,0,0,0,0,0,0,0,0,0
Picture,The Last Picture Show,The Last Picture Show,0,1972,8.1,1971-10-22,90,100,8,0,0,0,1,1,1,1,0,0,0,1,0,0,0,0,0,0,1,0,0,0,0,0,0,0,0,0,0,0,0,0,0,R,0,0,0,1,0,0,0,0,0,0,0,0,0,0,0,0,0
Picture,Nicholas and Alexandra,Nicholas and Alexandra,0,1972,7.3,1971-12-13,79,71,6,0,0,0,1,0,0,0,0,0,0,0,0,0,0,1,0,0,1,0,0,0,0,0,0,1,0,0,0,0,0,0,0,GP,0,1,0,0,0,0,0,0,0,0,0,0,0,0,0,0,0
Picture,The Godfather,The Godfather,1,1973,9.2,1972-03-24,98,99,11,1,0,0,0,1,1,0,1,0,0,1,0,1,0,0,1,0,1,0,0,0,0,0,0,0,0,0,0,0,0,0,0,R,0,0,0,1,0,0,0,0,0,0,0,0,0,0,0,0,0
Picture,Cabaret,Cabaret,0,1973,7.9,1972-02-13,87,97,10,1,0,0,0,1,1,1,0,1,1,0,1,0,0,0,0,0,1,0,0,0,0,0,0,0,0,0,0,0,0,0,0,PG,0,1,0,0,0,0,0,0,0,0,0,0,0,0,0,0,0
Picture,Deliverance,Deliverance,0,1973,7.7,1972-09-20,82,93,3,0,0,1,0,1,1,0,0,0,0,1,0,0,0,0,0,0,1,0,0,0,0,0,0,0,0,0,1,1,0,0,0,R,0,0,0,1,0,0,0,0,0,0,0,0,0,0,0,0,0
Picture,The Emigrants,The Emigrants,0,1973,8,1971-03-08,88,89,5,1,0,0,0,1,0,0,0,0,0,0,0,0,0,0,0,0,1,0,0,0,0,0,0,1,0,0,0,0,0,0,0,PG,0,1,0,0,0,0,0,0,0,0,0,0,0,0,0,0,0
Picture,Sounder,Sounder,0,1973,7.7,1973-05-10,77,88,4,0,1,0,0,0,1,0,0,0,0,0,0,0,0,0,0,0,1,0,0,0,0,0,0,0,0,0,0,0,1,0,0,G,1,0,0,0,0,0,0,0,0,0,0,0,0,0,0,0,0
Picture,The Sting,The Sting,1,1974,8.3,1973-12-25,95,93,10,0,0,0,1,1,1,0,1,0,0,0,0,0,0,0,1,1,1,0,0,0,0,0,0,0,0,0,0,0,0,0,0,PG,0,1,0,0,0,0,0,0,0,0,0,0,0,0,0,0,0
Picture,American Graffiti,American Graffiti,0,1974,7.5,1973-09-01,84,95,5,0,0,1,0,1,1,0,0,0,1,0,1,0,0,0,0,1,1,0,0,0,0,0,0,0,0,0,0,0,0,0,0,PG,0,1,0,0,0,0,0,0,0,0,0,0,0,0,0,0,0
Picture,Cries and Whispers,Cries and Whispers,0,1974,8.2,1973-03-05,91,89,5,1,0,0,0,1,0,0,0,0,0,0,0,0,0,0,0,0,0,0,0,0,0,0,0,0,0,0,0,0,0,0,0,R,0,0,0,1,0,0,0,0,0,0,0,0,0,0,0,0,0
Picture,The Exorcist,The Exorcist,0,1974,8,1973-12-26,87,86,10,0,0,0,1,1,1,0,0,0,0,1,0,1,0,0,0,0,0,1,0,0,0,0,0,0,0,0,0,0,0,0,0,R,0,0,0,1,0,0,0,0,0,0,0,0,0,0,0,0,0
Picture,A Touch of Class,A Touch of Class,0,1974,6.5,1973-08-09,65,91,4,0,0,1,0,0,0,0,0,0,1,0,0,0,0,0,0,1,0,0,0,0,0,0,1,0,0,0,0,0,0,0,0,PG,0,1,0,0,0,0,0,0,0,0,0,0,0,0,0,0,0
Picture,The Godfather Part II,The Godfather Part II,1,1975,9,1974-12-20,97,97,11,0,0,0,1,1,1,0,1,0,0,1,0,0,0,0,0,0,0,0,0,0,0,0,0,0,0,0,0,0,0,0,0,R,0,0,0,1,0,0,0,0,0,0,0,0,0,0,0,0,0
Picture,Chinatown,Chinatown,0,1975,8.2,1974-06-20,93,98,11,0,1,0,0,1,1,1,0,0,0,1,0,1,0,0,0,0,1,0,0,0,1,0,0,0,0,0,1,0,0,0,0,R,0,0,0,1,0,0,0,0,0,0,0,0,0,0,0,0,0
Picture,The Conversation,The Conversation,0,1975,7.9,1974-06,90,98,3,0,1,0,0,0,1,0,0,0,0,1,0,0,0,0,0,0,1,0,0,0,1,0,0,0,0,0,1,0,0,0,0,PG,0,1,0,0,0,0,0,0,0,0,0,0,0,0,0,0,0
Picture,Lenny,Lenny,0,1975,7.6,1974-12,88,100,6,0,0,0,1,1,1,0,0,0,0,0,0,0,0,1,0,0,1,0,0,0,0,0,0,0,0,0,0,0,0,0,0,R,0,0,0,1,0,0,0,0,0,0,0,0,0,0,0,0,0
Picture,The Towering Inferno,The Towering Inferno,0,1975,6.9,1975-01-01,72,71,7,1,0,0,0,0,0,0,0,0,0,0,0,0,1,0,0,0,1,0,0,0,0,0,0,0,0,0,1,0,0,0,0,PG,0,1,0,0,0,0,0,0,0,0,0,0,0,0,0,0,0
Picture,One Flew Over the Cuckoo's Nest,One Flew Over the Cuckoo's Nest,1,1976,8.7,1975-11-19,96,95,0,0,0,0,1,1,1,1,1,1,0,1,0,1,0,0,0,0,1,0,0,0,0,0,0,0,0,0,0,0,0,0,0,R,0,0,0,1,0,0,0,0,0,0,0,0,0,0,0,0,0
Picture,Barry Lyndon,Barry Lyndon,0,1976,8.1,1975-12-18,92,97,7,0,0,0,1,1,1,1,0,0,0,1,0,0,0,0,0,0,1,0,0,0,0,0,0,1,0,0,0,1,0,0,0,PG,0,1,0,0,0,0,0,0,0,0,0,0,0,0,0,0,0
Picture,Dog Day Afternoon,Dog Day Afternoon,0,1976,8,1975-12-25,90,95,6,0,0,0,1,1,1,1,0,0,0,1,0,0,0,1,1,0,1,0,0,0,0,0,0,0,0,0,0,0,0,0,0,R,0,0,0,1,0,0,0,0,0,0,0,0,0,0,0,0,0
Picture,Jaws,Jaws,0,1976,8,1975-06-20,90,97,4,0,1,0,0,0,1,1,0,0,0,1,0,0,0,0,0,0,1,0,0,0,0,0,0,0,0,0,1,1,0,0,0,PG,0,1,0,0,0,0,0,0,0,0,0,0,0,0,0,0,0
Picture,Nashville,Nashville,0,1976,7.8,1975-09-21,84,94,4,0,0,1,0,1,1,0,0,0,0,1,0,0,0,0,0,1,1,0,0,0,0,1,0,0,0,0,0,0,0,0,0,R,0,0,0,1,0,0,0,0,0,0,0,0,0,0,0,0,0
Picture,Rocky,Rocky,1,1977,8.1,1976-12-03,69,93,9,0,0,0,1,1,1,1,1,0,0,1,0,1,0,0,0,0,1,0,0,0,0,0,0,0,0,0,0,0,0,1,0,PG,0,1,0,0,0,0,0,0,0,0,0,0,0,0,0,0,0
Picture,All the President's Men,All the President's Men,0,1977,8,1976-04-09,92,93,8,0,1,0,0,1,1,1,0,0,0,1,0,0,0,1,0,0,1,0,0,0,0,0,0,1,0,0,0,0,0,0,0,PG,0,1,0,0,0,0,0,0,0,0,0,0,0,0,0,0,0
Picture,Bound for Glory,Bound for Glory,0,1977,7.4,1976-12-05,78,84,6,0,0,0,1,0,0,0,0,0,0,1,0,0,0,1,0,0,1,0,0,0,0,1,0,0,0,0,0,0,0,0,0,PG,0,1,0,0,0,0,0,0,0,0,0,0,0,0,0,0,0
Picture,Network,Network,0,1977,8.1,1976-11-27,93,91,10,0,0,0,1,1,1,1,0,0,0,1,0,0,0,0,0,0,1,0,0,0,0,0,0,0,0,0,0,0,0,0,0,R,0,0,0,1,0,0,0,0,0,0,0,0,0,0,0,0,0
Picture,Taxi Driver,Taxi Driver,0,1977,8.3,1976-02-08,93,99,4,1,0,0,0,0,1,1,0,0,0,0,0,0,0,0,1,0,1,0,0,0,0,0,0,0,0,0,0,0,0,0,0,R,0,0,0,1,0,0,0,0,0,0,0,0,0,0,0,0,0
Picture,Annie Hall,Annie Hall,1,1978,8.1,1977-04-20,93,99,5,0,1,0,0,1,1,1,1,1,1,0,0,0,0,0,0,1,0,0,0,0,0,0,1,0,0,0,0,0,0,0,0,PG,0,1,0,0,0,0,0,0,0,0,0,0,0,0,0,0,0
Picture,The Goodbye Girl,The Goodbye Girl,0,1978,7.4,1977-11-30,84,88,5,0,0,0,1,0,0,0,0,0,1,0,1,0,0,0,0,1,1,0,0,0,0,0,1,0,0,0,0,0,0,0,0,PG,0,1,0,0,0,0,0,0,0,0,0,0,0,0,0,0,0
Picture,Julia,Julia,0,1978,7.4,1978-01-20,66,73,11,1,0,0,0,1,1,1,0,1,0,1,0,0,0,0,0,0,1,0,0,0,0,0,0,0,0,0,0,0,0,0,0,PG,0,1,0,0,0,0,0,0,0,0,0,0,0,0,0,0,0
Picture,Star Wars,Star Wars,0,1978,8.7,1977-05-25,96,93,11,0,1,0,0,1,1,1,0,0,0,1,0,0,0,0,0,0,0,0,0,0,0,0,0,0,0,0,0,0,0,0,0,PG,0,1,0,0,0,0,0,0,0,0,0,0,0,0,0,0,0
Picture,The Turning Point,The Turning Point,0,1978,7,1977-11-18,69,58,11,0,0,0,1,1,1,0,0,0,0,1,0,1,0,0,0,0,1,0,0,0,0,0,1,0,0,0,0,0,0,0,0,PG,0,1,0,0,0,0,0,0,0,0,0,0,0,0,0,0,0
Picture,The Deer Hunter,The Deer Hunter,1,1979,8.2,1979-02-23,92,94,9,1,0,0,0,1,1,1,1,0,0,1,0,0,0,0,0,0,1,0,0,0,0,0,0,0,1,0,0,0,0,0,0,R,0,0,0,1,0,0,0,0,0,0,0,0,0,0,0,0,0
Picture,Coming Home,Coming Home,0,1979,7.3,1978-02-15,83,81,8,1,0,0,0,1,1,0,0,0,0,1,0,0,0,0,0,0,1,0,0,0,0,0,1,0,1,0,0,0,0,0,0,R,0,0,0,1,0,0,0,0,0,0,0,0,0,0,0,0,0
Picture,Heaven Can Wait,Heaven Can Wait,0,1979,6.9,1978-06-28,68,89,12,0,1,0,0,1,1,0,0,0,1,0,1,0,0,0,0,1,0,0,1,0,0,0,1,0,0,0,0,0,0,0,0,PG,0,1,0,0,0,0,0,0,0,0,0,0,0,0,0,0,0
Picture,Midnight Express,Midnight Express,0,1979,7.7,1978-10-06,89,95,6,0,0,0,1,1,1,1,0,0,0,1,0,1,0,1,1,0,1,0,0,0,0,0,0,0,0,0,0,0,0,0,0,R,0,0,0,1,0,0,0,0,0,0,0,0,0,0,0,0,0
Picture,An Unmarried Woman,An Unmarried Woman,0,1979,7.2,1978-05-26,73,89,3,0,1,0,0,0,1,0,0,0,0,1,0,0,0,0,0,1,1,0,0,0,0,0,1,0,0,0,0,0,0,0,0,R,0,0,0,1,0,0,0,0,0,0,0,0,0,0,0,0,0
Picture,Kramer vs. Kramer,Kramer vs. Kramer,1,1980,7.8,1979-12-19,89,88,9,0,0,0,1,1,1,1,1,0,0,1,0,1,0,0,0,0,1,0,0,0,0,0,0,0,0,0,0,0,0,0,0,PG,0,1,0,0,0,0,0,0,0,0,0,0,0,0,0,0,0
Picture,All That Jazz,All That Jazz,0,1980,7.8,1979-12-20,86,85,9,0,0,0,1,1,0,0,0,0,0,0,0,0,0,0,0,1,1,0,0,0,0,1,0,0,0,0,0,0,0,0,0,R,0,0,0,1,0,0,0,0,0,0,0,0,0,0,0,0,0
Picture,Apocalypse Now,Apocalypse Now,0,1980,8.5,1979-08-15,94,97,8,0,0,1,0,1,1,1,0,0,0,1,0,0,0,0,0,0,1,0,0,0,0,0,0,0,1,0,0,0,0,0,0,R,0,0,0,1,0,0,0,0,0,0,0,0,0,0,0,0,0
Picture,Breaking Away,Breaking Away,0,1980,7.7,1979-07-20,88,94,5,0,0,1,0,1,1,0,0,0,1,0,1,0,0,0,0,1,1,0,0,0,0,0,1,0,0,0,0,0,0,0,0,PG,0,1,0,0,0,0,0,0,0,0,0,0,0,0,0,0,0
Picture,Norma Rae,Norma Rae,0,1980,7.4,1979-03-02,79,90,3,1,0,0,0,0,0,0,0,0,0,1,0,0,0,0,0,0,1,0,0,0,0,0,0,0,0,0,0,0,0,0,0,PG,0,1,0,0,0,0,0,0,0,0,0,0,0,0,0,0,0
Picture,Ordinary People,Ordinary People,1,1981,7.8,1981-02-26,88,90,6,1,0,0,0,1,1,0,1,0,0,1,0,1,0,0,0,0,1,0,0,0,0,0,0,0,0,0,0,0,0,0,0,R,0,0,0,1,0,0,0,0,0,0,0,0,0,0,0,0,0
Picture,Coal Miner's Daughter,Coal Miner's Daughter,0,1981,7.5,1980-03-07,86,100,7,1,0,0,0,0,1,0,0,0,1,0,1,0,0,1,0,0,1,0,0,0,0,1,0,0,0,0,0,0,0,0,0,PG,0,1,0,0,0,0,0,0,0,0,0,0,0,0,0,0,0
Picture,The Elephant Man,The Elephant Man,0,1981,8.2,1980-10-10,93,90,8,0,0,0,1,1,1,1,0,1,0,1,0,0,0,1,0,0,1,0,0,0,0,0,0,0,0,0,0,0,0,0,0,PG,0,1,0,0,0,0,0,0,0,0,0,0,0,0,0,0,0
Picture,Raging Bull,Raging Bull,0,1981,8.2,1980-12-19,93,97,8,0,0,0,1,1,1,0,0,0,0,1,0,0,0,1,0,0,1,0,0,0,0,0,0,0,0,0,0,0,0,1,0,R,0,0,0,1,0,0,0,0,0,0,0,0,0,0,0,0,0
Picture,Tess,Tess,0,1981,7.3,1980-12-12,78,85,6,0,0,0,1,1,0,0,0,0,0,0,0,0,0,0,0,0,1,0,0,0,0,0,1,0,0,0,0,0,0,0,0,PG,0,1,0,0,0,0,0,0,0,0,0,0,0,0,0,0,0
Picture,Chariots of Fire,Chariots of Fire,1,1982,7.2,1982-04-09,80,83,7,0,1,0,0,1,1,1,0,1,0,0,0,0,0,1,0,0,1,0,0,0,0,0,0,0,0,0,0,0,0,1,0,PG,0,1,0,0,0,0,0,0,0,0,0,0,0,0,0,0,0
Picture,Atlantic City,Atlantic City,0,1982,7.4,1981-04-03,77,100,5,0,1,0,0,1,1,1,0,0,0,0,0,0,0,0,1,0,1,0,0,0,0,0,1,0,0,0,0,0,0,0,0,R,0,0,0,1,0,0,0,0,0,0,0,0,0,0,0,0,0
Picture,On Golden Pond,On Golden Pond,0,1982,7.7,1982-02-12,87,92,10,1,0,0,0,1,1,1,0,0,0,1,0,1,0,0,0,0,1,0,0,0,0,0,0,0,0,0,0,0,0,0,0,PG,0,1,0,0,0,0,0,0,0,0,0,0,0,0,0,0,0
Picture,Raiders of the Lost Ark,Raiders of the Lost Ark,0,1982,8.5,1981-06-12,96,94,9,0,1,0,0,1,1,1,0,0,0,0,0,0,1,0,0,0,0,0,0,0,0,0,0,0,0,0,0,1,0,0,0,PG,0,1,0,0,0,0,0,0,0,0,0,0,0,0,0,0,0
Picture,Reds,Reds,0,1982,7.5,1981-12-25,82,94,12,0,0,0,1,1,1,0,1,0,0,1,0,0,0,1,0,0,1,0,0,0,0,0,0,1,0,0,0,0,0,0,0,PG,0,1,0,0,0,0,0,0,0,0,0,0,0,0,0,0,0
Picture,Gandhi,Gandhi,1,1983,8.1,1983-02-25,92,88,11,1,0,0,0,1,1,1,1,1,0,0,0,0,0,1,0,0,1,0,0,0,0,0,0,1,0,0,0,0,0,0,0,PG,0,1,0,0,0,0,0,0,0,0,0,0,0,0,0,0,0
Picture,E.T. the Extra-Terrestrial,E.T. the Extra-Terrestrial,0,1983,7.9,1982-06-11,72,98,0,0,1,0,0,1,1,1,0,0,0,1,0,1,0,0,0,0,0,0,0,1,0,0,0,0,0,0,0,0,1,0,0,PG,0,1,0,0,0,0,0,0,0,0,0,0,0,0,0,0,0
Picture,Missing,Missing,0,1983,7.8,1982-03-12,85,97,4,1,0,0,0,0,0,1,0,0,0,1,0,0,0,1,0,0,1,0,0,0,0,0,0,1,0,0,0,0,0,0,0,PG,0,1,0,0,0,0,0,0,0,0,0,0,0,0,0,0,0
Picture,Tootsie,Tootsie,0,1983,7.4,1982-12-17,81,89,9,0,0,0,1,1,1,1,0,0,1,0,1,0,0,0,0,1,1,0,0,0,0,0,1,0,0,0,0,0,0,0,0,PG,0,1,0,0,0,0,0,0,0,0,0,0,0,0,0,0,0
Picture,The Verdict,The Verdict,0,1983,7.8,1982-12-17,88,96,5,0,0,0,1,1,0,0,0,0,0,1,0,0,0,0,0,0,1,0,0,0,0,0,0,0,0,0,0,0,0,0,0,R,0,0,0,1,0,0,0,0,0,0,0,0,0,0,0,0,0
Picture,Terms of Endearment,Terms of Endearment,1,1984,7.4,1983-12-09,84,88,11,0,0,0,1,1,1,0,1,0,0,1,0,1,0,0,0,1,1,0,0,0,0,0,0,0,0,0,0,0,0,0,0,PG,0,1,0,0,0,0,0,0,0,0,0,0,0,0,0,0,0
Picture,The Big Chill,The Big Chill,0,1984,7.2,1983-09-30,77,68,3,0,0,1,0,0,1,0,0,0,1,0,0,0,0,0,0,1,1,0,0,0,0,0,0,0,0,0,0,0,0,0,0,R,0,0,0,1,0,0,0,0,0,0,0,0,0,0,0,0,0
Picture,The Dresser,The Dresser,0,1984,7.7,1983-12-06,88,100,5,0,0,0,1,1,0,1,0,0,0,0,0,0,0,0,0,0,1,0,0,0,0,0,0,0,0,0,0,0,0,0,0,PG,0,1,0,0,0,0,0,0,0,0,0,0,0,0,0,0,0
Picture,The Right Stuff,The Right Stuff,0,1984,7.9,1984-02-17,90,98,8,1,0,0,0,0,1,0,0,0,0,1,0,0,0,1,0,0,1,0,0,0,0,0,0,0,0,0,0,1,0,0,0,PG,0,1,0,0,0,0,0,0,0,0,0,0,0,0,0,0,0
Picture,Tender Mercies,Tender Mercies,0,1984,7.4,1983-06-10,82,85,4,0,1,0,0,1,1,0,0,0,0,1,0,0,0,0,0,0,1,0,0,0,0,1,0,0,0,0,0,0,0,0,0,PG,0,1,0,0,0,0,0,0,0,0,0,0,0,0,0,0,0
Picture,Amadeus,Amadeus,1,1985,8.3,1984-09-19,95,95,11,0,0,1,0,1,1,1,1,0,0,1,0,1,0,1,0,0,1,0,0,0,0,0,0,1,0,0,0,0,0,0,0,R,0,0,0,1,0,0,0,0,0,0,0,0,0,0,0,0,0
Picture,The Killing Fields,The Killing Fields,0,1985,7.9,1985-02-01,92,93,7,1,0,0,0,1,1,1,0,1,0,1,0,0,0,1,0,0,1,0,0,0,0,0,0,1,0,0,0,0,0,0,0,R,0,0,0,1,0,0,0,0,0,0,0,0,0,0,0,0,0
Picture,A Passage to India,A Passage to India,0,1985,7.4,1985-02-01,78,85,11,1,0,0,0,1,1,1,0,0,0,0,0,0,0,0,0,0,1,0,0,0,0,0,0,1,0,0,0,1,0,0,0,PG,0,1,0,0,0,0,0,0,0,0,0,0,0,0,0,0,0
Picture,Places in the Heart,Places in the Heart,0,1985,7.3,1984-10-05,82,96,7,0,0,0,1,1,1,0,0,0,0,1,0,0,0,0,0,0,1,0,0,0,0,0,0,0,0,0,0,0,0,0,0,PG,0,1,0,0,0,0,0,0,0,0,0,0,0,0,0,0,0
Picture,A Soldier's Story,A Soldier's Story,0,1985,7.2,1984-11-02,82,89,3,0,0,0,1,0,1,0,0,0,0,1,0,0,0,0,1,0,1,0,0,0,1,0,0,0,0,0,0,0,0,0,0,PG,0,1,0,0,0,0,0,0,0,0,0,0,0,0,0,0,0
Picture,Out of Africa,Out of Africa,1,1986,7.2,1985-12-20,83,56,11,0,0,0,1,1,1,0,0,0,0,1,0,1,0,1,0,0,1,0,0,0,0,0,1,0,0,0,0,0,0,0,0,PG,0,1,0,0,0,0,0,0,0,0,0,0,0,0,0,0,0
Picture,The Color Purple,The Color Purple,0,1986,7.8,1986-02-07,94,88,10,1,0,0,0,0,1,0,1,0,0,1,0,0,0,0,0,0,1,0,0,0,0,0,0,0,0,0,0,0,0,0,0,PG-13,0,0,1,0,0,0,0,0,0,0,0,0,0,0,0,0,0
Picture,Kiss of the Spider Woman,Kiss of the Spider Woman,0,1986,7.4,1985-07-26,81,88,4,0,0,1,0,1,0,0,0,0,0,1,0,0,0,0,0,0,1,0,0,0,0,0,0,0,0,0,0,0,0,0,0,R,0,0,0,1,0,0,0,0,0,0,0,0,0,0,0,0,0
Picture,Prizzi's Honor,Prizzi's Honor,0,1986,6.8,1985-06-14,62,88,8,0,1,0,0,1,1,0,0,0,1,0,1,0,0,0,1,1,1,0,0,0,0,0,0,0,0,0,0,0,0,0,0,R,0,0,0,1,0,0,0,0,0,0,0,0,0,0,0,0,0
Picture,Witness,Witness,0,1986,7.4,1985-02-08,80,92,8,1,0,0,0,1,1,1,0,0,0,1,0,0,0,0,1,0,1,0,0,0,0,0,1,0,0,0,0,0,0,0,0,R,0,0,0,1,0,0,0,0,0,0,0,0,0,0,0,0,0
Picture,Platoon,Platoon,1,1987,8.1,1987-02-06,93,88,8,1,0,0,0,1,1,0,1,0,0,1,0,1,0,0,0,0,1,0,0,0,0,0,0,0,1,0,0,0,0,0,0,R,0,0,0,1,0,0,0,0,0,0,0,0,0,0,0,0,0
Picture,Children of a Lesser God,Children of a Lesser God,0,1987,7.2,1986-10-31,78,81,5,0,0,0,1,0,1,0,0,0,0,1,0,0,0,0,0,0,1,0,0,0,0,0,1,0,0,0,0,0,0,0,0,R,0,0,0,1,0,0,0,0,0,0,0,0,0,0,0,0,0
Picture,Hannah and Her Sisters,Hannah and Her Sisters,0,1987,8,1986-03-14,90,93,7,1,0,0,0,1,1,1,0,0,1,0,1,0,0,0,0,1,1,0,0,0,0,0,0,0,0,0,0,0,0,0,0,PG-13,0,0,1,0,0,0,0,0,0,0,0,0,0,0,0,0,0
Picture,The Mission,The Mission,0,1987,7.5,1986-10-31,87,65,7,0,0,0,1,1,0,1,0,0,0,1,0,0,0,0,0,0,1,0,0,0,0,0,0,1,0,0,0,1,0,0,0,PG,0,1,0,0,0,0,0,0,0,0,0,0,0,0,0,0,0
Picture,A Room with a View,A Room with a View,0,1987,7.4,1986-04-11,86,100,8,0,1,0,0,1,1,1,0,1,0,1,0,0,0,0,0,0,1,0,0,0,0,0,1,0,0,0,0,0,0,0,0,UNRATED,0,0,0,0,0,0,0,0,0,0,0,0,0,0,0,0,0
Picture,The Last Emperor,The Last Emperor,1,1988,7.8,1988-04-15,88,92,9,0,1,0,0,1,1,1,1,1,0,1,0,1,0,1,0,0,1,0,0,0,0,0,0,1,0,0,0,0,0,0,0,PG-13,0,0,1,0,0,0,0,0,0,0,0,0,0,0,0,0,0
Picture,Broadcast News,Broadcast News,0,1988,7.2,1987-12-25,78,98,7,0,0,0,1,0,1,0,0,0,1,0,0,0,0,0,0,1,1,0,0,0,0,0,1,0,0,0,0,0,0,0,0,R,0,0,0,1,0,0,0,0,0,0,0,0,0,0,0,0,0
Picture,Fatal Attraction,Fatal Attraction,0,1988,6.9,1987-09-18,72,78,6,0,0,1,0,1,1,0,0,0,0,1,0,0,0,0,0,0,1,0,0,0,0,0,0,0,0,0,1,0,0,0,0,R,0,0,0,1,0,0,0,0,0,0,0,0,0,0,0,0,0
Picture,Hope and Glory,Hope and Glory,0,1988,7.4,1988-02-19,83,94,5,1,0,0,0,1,0,1,0,0,1,0,1,0,0,0,0,1,1,0,0,0,0,0,1,0,0,0,0,0,0,0,0,PG-13,0,0,1,0,0,0,0,0,0,0,0,0,0,0,0,0,0
Picture,Moonstruck,Moonstruck,0,1988,7.1,1988-01-15,80,92,6,1,0,0,0,1,0,0,0,0,1,0,0,0,0,0,0,1,1,0,0,0,0,0,1,0,0,0,0,0,0,0,0,PG,0,1,0,0,0,0,0,0,0,0,0,0,0,0,0,0,0
Picture,Rain Man,Rain Man,1,1989,8,1988-12-16,90,90,8,0,0,0,1,1,1,0,1,0,0,1,0,1,0,0,0,0,1,0,0,0,0,0,0,0,0,0,0,0,0,0,0,R,0,0,0,1,0,0,0,0,0,0,0,0,0,0,0,0,0
Picture,The Accidental Tourist,The Accidental Tourist,0,1989,6.8,1989-01-06,60,79,4,1,0,0,0,0,0,0,0,0,0,1,0,0,0,0,0,0,1,0,0,0,0,0,1,0,0,0,0,0,0,0,0,PG,0,1,0,0,0,0,0,0,0,0,0,0,0,0,0,0,0
Picture,Dangerous Liaisons,Dangerous Liaisons,0,1989,7.7,1989-02-24,83,93,7,1,0,0,0,0,0,0,0,0,0,0,0,0,0,0,0,0,1,0,0,0,0,0,1,0,0,0,0,0,0,0,0,R,0,0,0,1,0,0,0,0,0,0,0,0,0,0,0,0,0
Picture,Mississippi Burning,Mississippi Burning,0,1989,7.8,1989-01-27,90,89,7,1,0,0,0,1,1,0,0,0,0,1,0,0,0,0,1,0,1,0,0,0,0,0,0,1,0,0,0,0,0,0,0,R,0,0,0,1,0,0,0,0,0,0,0,0,0,0,0,0,0
Picture,Working Girl,Working Girl,0,1989,6.7,1988-12-21,67,84,5,0,0,0,1,1,1,0,0,0,1,0,1,0,0,0,0,1,1,0,0,0,0,0,1,0,0,0,0,0,0,0,0,R,0,0,0,1,0,0,0,0,0,0,0,0,0,0,0,0,0
Picture,Driving Miss Daisy,Driving Miss Daisy,1,1990,7.4,1990-01-26,81,82,9,1,0,0,0,0,0,1,0,0,1,0,1,0,0,0,0,0,1,0,0,0,0,0,0,0,0,0,0,0,0,0,0,PG,0,1,0,0,0,0,0,0,0,0,0,0,0,0,1,0,1
Picture,Born on the Fourth of July,Born on the Fourth of July,0,1990,7.2,1990-01-05,76,90,8,1,0,0,0,1,1,0,1,0,0,1,0,1,0,1,0,0,1,0,0,0,0,0,0,0,1,0,0,0,0,0,0,R,0,0,0,1,0,0,0,0,0,0,0,0,0,1,0,1,0
Picture,Dead Poets Society,Dead Poets Society,0,1990,8,1989-06-09,92,85,4,0,1,0,0,1,1,1,0,1,0,1,0,0,0,0,0,1,1,0,0,0,0,0,0,0,0,0,0,0,0,0,0,PG,0,1,0,0,0,0,0,0,0,0,0,0,0,1,0,1,0
Picture,Field of Dreams,Field of Dreams,0,1990,7.5,1989-05-05,86,86,3,0,1,0,0,0,1,0,0,0,0,0,0,0,0,0,0,0,1,0,1,0,0,0,0,0,0,0,0,0,1,0,0,PG,0,1,0,0,0,0,0,0,0,0,0,0,0,1,0,1,0
Picture,My Left Foot,My Left Foot,0,1990,7.9,1990-03-30,92,97,5,1,0,0,0,1,0,1,0,0,0,0,0,0,0,1,0,0,1,0,0,0,0,0,0,0,0,0,0,0,0,0,0,R,0,0,0,1,0,0,0,0,0,0,0,0,0,1,0,1,0
Picture,Dances with Wolves,Dances with Wolves,1,1991,8,1990-11-21,87,82,0,0,0,0,1,1,1,1,1,0,0,1,0,1,0,0,0,0,1,0,0,0,0,0,0,0,0,0,0,1,0,0,1,PG-13,0,0,1,0,0,0,0,0,0,0,0,0,0,0,1,0,1
Picture,Awakenings,Awakenings,0,1991,7.8,1991-01-11,89,88,3,1,0,0,0,0,0,0,0,0,0,0,0,0,0,1,0,0,1,0,0,0,0,0,0,0,0,0,0,0,0,0,0,PG-13,0,0,1,0,0,0,0,0,0,0,0,0,0,1,0,1,0
Picture,Ghost,Ghost,0,1991,7,1990-07-13,80,74,5,0,0,1,0,0,0,0,0,0,1,0,0,0,0,0,0,0,1,0,1,0,0,0,1,0,0,0,0,0,0,0,0,PG-13,0,0,1,0,0,0,0,0,0,0,0,0,0,1,0,1,0
Picture,The Godfather Part III,The Godfather Part III,0,1991,7.6,1990-12-25,78,67,0,0,0,0,1,1,1,0,0,0,0,1,0,0,0,0,0,0,0,0,0,0,0,0,0,0,0,0,0,0,0,0,0,R,0,0,0,1,0,0,0,0,0,0,0,0,0,1,0,1,0
Picture,Goodfellas,Goodfellas,0,1991,8.7,1990-09-21,97,97,0,0,0,1,0,1,1,1,0,1,0,1,0,0,0,1,1,0,1,0,0,0,0,0,0,0,0,0,0,0,0,0,0,R,0,0,0,1,0,0,0,0,0,0,0,0,0,1,0,1,0
Picture,The Silence of the Lambs,The Silence of the Lambs,1,1992,8.6,1991-02-14,95,95,7,1,0,0,0,1,1,1,1,0,0,1,0,0,0,0,1,0,1,0,0,0,0,0,0,0,0,0,1,0,0,0,0,R,0,0,0,1,0,0,0,0,0,0,0,0,0,0,1,0,1
Picture,Beauty and the Beast,Beauty and the Beast,0,1992,8,1991-11-22,92,93,3,0,0,0,1,0,0,0,0,0,1,0,1,0,0,0,0,0,0,0,1,0,0,0,0,0,0,0,0,0,1,0,0,G,1,0,0,0,0,0,0,0,0,0,0,0,0,1,0,1,0
Picture,Bugsy,Bugsy,0,1992,6.8,1991-12-20,69,85,10,0,0,0,1,1,1,0,0,0,0,1,0,1,0,1,1,0,1,0,0,0,0,0,0,0,0,0,0,0,0,0,0,R,0,0,0,1,0,0,0,0,0,0,0,0,0,1,0,1,0
Picture,JFK,JFK,0,1992,8,1991-12-20,88,84,8,0,0,0,1,1,1,0,0,0,0,1,0,0,0,0,0,0,1,0,0,0,0,0,0,1,0,0,1,0,0,0,0,R,0,0,0,1,0,0,0,0,0,0,0,0,0,1,0,0,1
Picture,The Prince of Tides,The Prince of Tides,0,1992,6.7,1991-12-25,70,73,7,0,0,0,1,0,1,0,0,0,0,1,0,0,0,0,0,0,1,0,0,0,0,0,1,0,0,0,0,0,0,0,0,R,0,0,0,1,0,0,0,0,0,0,0,0,0,1,0,0,1
Picture,Unforgiven,Unforgiven,1,1993,8.3,1992-08-07,93,95,9,0,0,1,0,1,1,1,1,0,0,1,0,0,0,0,0,0,1,0,0,0,0,0,0,0,0,0,0,0,0,0,1,R,0,0,0,1,0,0,0,0,0,0,0,0,0,1,0,0,1
Picture,The Crying Game,The Crying Game,0,1993,7.3,1993-02-19,78,97,6,1,0,0,0,1,1,1,0,0,0,1,0,0,0,0,1,0,1,0,0,0,0,0,1,0,0,0,0,0,0,0,0,R,0,0,0,1,0,0,0,0,0,0,0,0,0,0,1,0,1
Picture,A Few Good Men,A Few Good Men,0,1993,7.6,1992-12-11,89,81,4,0,0,0,1,0,1,0,0,0,0,1,0,0,0,0,0,0,1,0,0,0,0,0,0,0,0,0,1,0,0,0,0,R,0,0,0,1,0,0,0,0,0,0,0,0,0,1,0,0,1
Picture,Howards End,Howards End,0,1993,7.5,1993-02-26,82,92,9,1,0,0,0,1,1,1,0,1,0,1,0,0,0,0,0,0,1,0,0,0,0,0,1,0,0,0,0,0,0,0,0,PG,0,1,0,0,0,0,0,0,0,0,0,0,0,1,0,0,1
Picture,Scent of a Woman,Scent of a Woman,0,1993,8,1993-01-08,92,88,6,1,0,0,0,1,0,0,0,0,0,1,0,1,0,0,0,0,1,0,0,0,0,0,0,0,0,0,0,0,0,0,0,R,0,0,0,1,0,0,0,0,0,0,0,0,0,1,0,0,1
Picture,Schindler's List,Schindler's List,1,1994,8.9,1994-02-04,97,96,12,1,0,0,0,1,1,1,1,1,0,1,0,1,0,1,0,0,1,0,0,0,0,0,0,1,0,0,0,0,0,0,0,R,0,0,0,1,0,0,0,0,0,0,0,0,0,0,1,0,1
Picture,The Fugitive,The Fugitive,0,1994,7.8,1993-08-06,89,96,7,0,0,1,0,0,1,0,0,0,0,0,0,0,1,0,1,0,1,0,0,0,0,0,0,0,0,0,0,0,0,0,0,PG-13,0,0,1,0,0,0,0,0,0,0,0,0,0,1,0,0,1
Picture,In the Name of the Father,In the Name of the Father,0,1994,8.1,1994-02-25,95,94,7,1,0,0,0,1,0,0,0,0,0,1,0,0,0,1,0,0,1,0,0,0,0,0,0,0,0,0,0,0,0,0,0,R,0,0,0,1,0,0,0,0,0,0,0,0,0,1,0,0,1
Picture,The Piano,The Piano,0,1994,7.6,1994-02-11,86,90,8,1,0,0,0,1,1,1,0,0,0,1,0,0,0,0,0,0,1,0,0,0,0,1,1,0,0,0,0,0,0,0,0,R,0,0,0,1,0,0,0,0,0,0,0,0,0,1,0,0,1
Picture,The Remains of the Day,The Remains of the Day,0,1994,7.9,1993-11-19,89,97,8,0,0,0,1,1,1,1,0,0,0,1,0,0,0,0,0,0,1,0,0,0,0,0,1,0,0,0,0,0,0,0,0,PG,0,1,0,0,0,0,0,0,0,0,0,0,0,1,0,0,1
Picture,Forrest Gump,Forrest Gump,1,1995,8.8,1994-07-06,95,72,13,0,0,1,0,1,1,1,1,0,0,1,0,1,0,0,0,0,1,0,0,0,0,0,1,0,0,0,0,0,0,0,0,PG-13,0,0,1,0,0,0,0,0,0,1,0,1,0,0,1,0,1
Picture,Four Weddings and a Funeral,Four Weddings and a Funeral,0,1995,7.1,1994-04-15,74,95,2,0,1,0,0,0,1,1,0,1,1,0,0,0,0,0,0,1,1,0,0,0,0,0,1,0,0,0,0,0,0,0,0,R,0,0,0,1,0,0,0,0,0,1,0,1,0,1,0,0,1
Picture,Pulp Fiction,Pulp Fiction,0,1995,8.9,1994-10-14,96,94,7,0,0,0,1,1,1,1,0,0,0,1,0,0,0,0,1,0,1,0,0,0,0,0,0,0,0,0,0,0,0,0,0,R,0,0,0,1,0,0,0,0,0,1,0,1,0,1,0,0,1
Picture,Quiz Show,Quiz Show,0,1995,7.5,1994-10-07,87,96,4,0,0,0,1,1,1,1,0,0,0,1,0,0,0,1,0,0,1,0,0,0,0,0,0,1,0,0,0,0,0,0,0,PG-13,0,0,1,0,0,0,0,0,0,1,0,1,0,1,0,0,1
Picture,The Shawshank Redemption,The Shawshank Redemption,0,1995,9.3,1994-10-14,98,91,7,0,0,0,1,0,1,0,0,0,0,0,0,0,0,0,1,0,1,0,0,0,0,0,0,0,0,0,0,0,0,0,0,R,0,0,0,1,0,0,0,0,0,1,0,1,0,1,0,0,1
Picture,Braveheart,Braveheart,1,1996,8.4,1995-05-24,85,78,10,0,1,0,0,1,1,0,0,0,0,1,0,0,0,1,0,0,1,0,0,0,0,0,0,1,0,0,0,0,0,0,0,R,0,0,0,1,0,1,0,1,0,1,0,1,0,1,0,1,0
Picture,Apollo 13,Apollo 13,0,1996,7.6,1995-06-30,87,95,9,0,1,0,0,0,1,0,1,0,0,1,0,0,0,0,0,0,1,0,0,0,0,0,0,1,0,0,0,1,0,0,0,PG,0,1,0,0,0,1,0,1,0,0,1,0,1,0,1,0,1
Picture,Babe,Babe,0,1996,6.8,1995-08-04,67,97,7,0,0,1,0,1,0,1,0,0,1,0,1,0,0,0,0,1,1,0,0,0,0,0,0,0,0,0,0,0,1,0,0,G,1,0,0,0,0,1,0,1,0,1,0,1,0,1,0,1,0
Picture,Il Postino: The Postman,Il Postino: The Postman,0,1996,7.8,1996-03-22,94,93,0,1,0,0,0,1,1,0,0,0,0,0,0,0,0,0,0,0,0,0,0,0,0,0,0,0,0,0,0,0,0,0,0,PG,0,1,0,0,0,1,0,1,0,1,0,1,0,1,0,1,0
Picture,Sense and Sensibility,Sense and Sensibility,0,1996,7.7,1996-01-26,90,98,7,1,0,0,0,0,1,1,0,1,0,1,0,1,0,0,0,0,1,0,0,0,0,0,1,0,0,0,0,0,0,0,0,PG,0,1,0,0,0,0,1,0,1,1,0,0,1,1,0,1,0
Picture,The English Patient,The English Patient,1,1997,7.4,1996-12-06,83,84,12,0,0,0,1,1,1,1,1,1,0,1,0,1,0,0,0,0,1,0,0,0,0,0,1,0,1,0,0,0,0,0,0,R,0,0,0,1,0,1,0,0,1,1,0,0,1,0,1,0,1
Picture,Fargo,Fargo,0,1997,8.1,1996-04-05,93,94,7,0,1,0,0,1,1,1,0,0,1,0,0,0,0,0,1,0,1,0,0,0,0,0,0,0,0,0,1,0,0,0,0,R,0,0,0,1,0,0,1,0,1,1,0,1,0,1,0,0,1
Picture,Jerry Maguire,Jerry Maguire,0,1997,7.3,1996-12-13,79,82,5,0,0,0,1,0,1,0,0,0,1,0,0,0,0,0,0,1,1,0,0,0,0,0,1,0,0,0,0,0,0,0,0,R,0,0,0,1,0,1,0,0,1,1,0,1,0,1,0,1,0
Picture,Secrets and Lies,Secrets & Lies,0,1997,8,1997-02-28,91,94,0,1,0,0,0,1,1,1,0,0,0,1,0,0,0,0,0,0,0,0,0,0,0,0,0,0,0,0,0,0,0,0,0,R,0,0,0,1,0,1,0,1,0,1,0,1,0,1,0,1,0
Picture,Shine,Shine,0,1997,7.7,1997-02-14,90,91,7,1,0,0,0,1,1,1,0,0,0,1,0,0,0,1,0,0,1,0,0,0,0,1,0,0,0,0,0,0,0,0,0,PG-13,0,0,1,0,0,1,0,0,1,1,0,0,1,1,0,0,1
Picture,Titanic,Titanic,1,1998,7.7,1997-12-19,69,88,15,0,0,0,1,1,1,1,1,0,0,1,0,1,0,0,0,0,1,0,0,0,0,0,1,0,0,0,0,0,0,0,0,PG-13,0,0,1,0,0,1,0,0,1,1,0,0,1,0,1,0,1
Picture,As Good as It Gets,As Good as It Gets,0,1998,7.7,1997-12-25,86,86,7,0,0,0,1,0,1,0,0,0,1,0,1,0,0,0,0,1,1,0,0,0,0,0,1,0,0,0,0,0,0,0,0,PG-13,0,0,1,0,0,1,0,0,1,1,0,1,0,1,0,0,1
Picture,The Full Monty,The Full Monty,0,1998,7.2,1997-09-19,79,95,4,0,0,1,0,1,0,1,0,1,1,0,0,0,0,0,0,1,1,0,0,0,0,0,0,0,0,0,0,0,0,0,0,R,0,0,0,1,0,1,0,0,1,0,1,0,1,1,0,1,0
Picture,Good Will Hunting,Good Will Hunting,0,1998,8.3,1998-01-09,94,97,8,1,0,0,0,1,1,0,0,0,0,1,0,0,0,0,0,0,1,0,0,0,0,0,0,0,0,0,0,0,0,0,0,R,0,0,0,1,0,1,0,0,1,1,0,0,1,1,0,0,1
Picture,L.A. Confidential,L.A. Confidential,0,1998,7.3,2003-09-01,94,99,9,0,0,1,0,1,1,1,0,0,0,1,0,0,0,0,1,0,1,0,0,0,1,0,0,0,0,0,0,0,0,0,0,,0,0,0,0,0,0,1,0,1,1,0,0,1,1,0,0,1
Picture,Shakespeare in Love,Shakespeare in Love,1,1999,7.2,1999-01-08,80,92,13,1,0,0,0,1,1,1,0,1,1,0,1,0,0,0,0,1,1,0,0,0,0,0,0,1,0,0,0,0,0,0,0,R,0,0,0,1,0,1,0,0,1,0,1,0,1,1,0,0,1
Picture,Elizabeth,Elizabeth,0,1999,7.5,1999-02-19,86,82,7,1,0,0,0,0,0,1,0,0,0,1,0,0,0,1,0,0,1,0,0,0,0,0,0,1,0,0,0,0,0,0,0,R,0,0,0,1,0,1,0,0,1,1,0,1,0,1,0,1,0
Picture,Life Is Beautiful,Life Is Beautiful,0,1999,8.6,1999-02-12,96,80,7,1,0,0,0,1,1,0,0,0,0,0,0,0,0,0,0,1,1,0,0,0,0,0,0,0,1,0,0,0,0,0,0,PG-13,0,0,1,0,0,1,0,0,1,1,0,0,1,1,0,1,0
Picture,Saving Private Ryan,Saving Private Ryan,0,1999,8.6,1998-07-24,95,92,11,0,0,1,0,1,1,1,1,0,0,1,0,1,0,0,0,0,1,0,0,0,0,0,0,0,1,0,0,0,0,0,0,R,0,0,0,1,0,0,1,0,1,1,0,0,1,0,1,0,1
Picture,The Thin Red Line,The Thin Red Line,0,1999,7.6,1999-01-15,80,78,7,1,0,0,0,1,1,0,0,0,0,0,0,0,0,0,0,0,1,0,0,0,0,0,0,0,1,0,0,0,0,0,0,R,0,0,0,1,0,1,0,0,1,1,0,1,0,1,0,1,0
Picture,American Beauty,American Beauty,1,2000,8.4,1999-10-01,93,88,8,0,0,0,1,1,1,1,1,1,0,1,0,1,0,0,0,0,1,0,0,0,0,0,0,0,0,0,0,0,0,0,0,R,0,0,0,1,0,0,1,0,1,0,1,0,1,0,1,0,1
Picture,The Cider House Rules,The Cider House Rules,0,2000,7.4,2000-01-07,77,71,7,1,0,0,0,1,0,0,0,0,0,0,0,0,0,0,0,0,1,0,0,0,0,0,1,0,0,0,0,0,0,0,0,PG-13,0,0,1,0,0,1,0,0,1,1,0,0,1,1,0,0,1
Picture,The Green Mile,The Green Mile,0,2000,8.5,1999-12-10,94,80,4,0,0,0,1,0,1,0,0,0,0,0,0,0,0,0,1,0,1,0,1,0,0,0,0,0,0,0,0,0,0,0,0,R,0,0,0,1,0,1,0,0,1,1,0,0,1,1,0,1,0
Picture,The Insider,The Insider,0,2000,7.9,1999-11-05,90,96,7,0,0,0,1,1,1,0,0,0,0,1,0,0,0,1,0,0,1,0,0,0,0,0,0,0,0,0,1,0,0,0,0,R,0,0,0,1,0,1,0,0,1,1,0,1,0,1,0,0,1
Picture,The Sixth Sense,The Sixth Sense,0,2000,8.1,1999-08-06,89,85,6,0,0,1,0,1,1,1,0,0,0,0,0,0,0,0,0,0,1,0,0,0,1,0,0,0,0,0,1,0,0,0,0,PG-13,0,0,1,0,0,1,0,0,1,1,0,1,0,1,0,1,0
Picture,Gladiator,Gladiator,1,2001,8.5,2000-05-05,87,76,12,0,1,0,0,1,1,1,0,1,0,1,0,1,1,0,0,0,1,0,0,0,0,0,0,0,0,0,0,1,0,0,0,R,0,0,0,1,0,0,1,0,1,1,0,0,1,0,1,0,1
Picture,Chocolat,Chocolat,0,2001,7.3,2001-01-19,83,63,5,1,0,0,0,0,0,0,0,0,1,0,0,0,0,0,0,0,1,0,0,0,0,0,1,0,0,0,0,0,0,0,0,PG-13,0,0,1,0,0,1,0,1,0,1,0,0,1,1,0,1,0
Picture,"Crouching Tiger, Hidden Dragon (Wo hu cang long)","Crouching Tiger, Hidden Dragon",0,2001,7.9,2001-01-12,86,97,0,1,0,0,0,1,1,1,1,0,0,0,0,0,0,0,0,0,0,0,0,0,0,0,0,0,0,0,0,0,0,0,0,PG-13,0,0,1,0,0,1,0,1,0,1,0,1,0,1,0,0,1
Picture,Erin Brockovich,Erin Brockovich,0,2001,7.3,2000-03-17,80,84,5,1,0,0,0,1,1,1,0,0,0,1,0,0,0,1,0,0,1,0,0,0,0,0,0,0,0,0,0,0,0,0,0,R,0,0,0,1,0,1,0,0,1,1,0,1,0,1,0,0,1
Picture,Traffic,Traffic,0,2001,7.6,2001-01-05,85,92,5,1,0,0,0,1,1,0,0,0,0,1,0,0,0,0,1,0,1,0,0,0,0,0,0,0,0,0,1,0,0,0,0,R,0,0,0,1,0,1,0,0,1,0,1,0,1,1,0,1,0
Picture,A Beautiful Mind,A Beautiful Mind,1,2002,8.2,2002-01-04,93,75,8,1,0,0,0,1,1,1,1,0,0,1,0,1,0,1,0,0,1,0,0,0,0,0,0,0,0,0,0,0,0,0,0,PG-13,0,0,1,0,0,0,1,0,1,1,0,0,1,1,0,0,1
Picture,Gosford Park,Gosford Park,0,2002,7.3,2002-01-18,78,86,7,1,0,0,0,1,0,0,0,0,1,0,0,0,0,0,0,1,1,0,0,0,1,0,0,0,0,0,0,0,0,0,0,R,0,0,0,1,0,1,0,1,0,0,1,0,1,1,0,1,0
Picture,In the Bedroom,In the Bedroom,0,2002,7.5,2002-02-08,81,93,5,1,0,0,0,0,0,0,0,0,0,1,0,0,0,0,1,0,1,0,0,0,0,0,0,0,0,0,0,0,0,0,0,R,0,0,0,1,0,1,0,0,1,1,0,0,1,1,0,1,0
Picture,The Lord of the Rings: The Fellowship of the Ring,The Lord of the Rings: The Fellowship of the Ring,0,2002,8.8,2001-12-19,95,91,12,0,0,0,1,1,1,1,0,1,0,1,0,0,0,0,0,0,1,0,1,0,0,0,0,0,0,0,0,1,0,0,0,PG-13,0,0,1,0,0,1,0,1,0,1,0,0,1,1,0,0,1
Picture,Moulin Rouge!,Moulin Rouge!,0,2002,7.6,2001-06-01,89,76,0,0,1,0,0,0,1,1,0,0,1,0,1,0,0,0,0,0,1,0,0,0,0,0,1,0,0,0,0,0,0,0,0,PG-13,0,0,1,0,0,1,0,0,1,1,0,0,1,0,1,0,1
Picture,Chicago,Chicago,1,2003,7.2,2003-01-24,83,86,12,1,0,0,0,1,1,1,1,0,1,0,1,0,0,0,1,1,0,0,0,0,0,0,0,0,0,0,0,0,0,0,0,PG-13,0,0,1,0,0,0,1,0,1,0,1,0,1,0,1,0,1
Picture,Gangs of New York,Gangs of New York,0,2003,7.5,2002-12-20,81,75,9,0,0,0,1,1,1,1,0,0,0,1,0,0,0,0,1,0,1,0,0,0,0,0,0,0,0,0,0,0,0,0,0,R,0,0,0,1,0,1,0,0,1,1,0,1,0,1,0,0,1
Picture,The Hours,The Hours,0,2003,7.6,2003-02-14,84,81,9,1,0,0,0,1,1,1,0,0,0,1,0,1,0,0,0,0,1,0,0,0,0,0,1,0,0,0,0,0,0,0,0,PG-13,0,0,1,0,0,1,0,0,1,1,0,0,1,1,0,1,0
Picture,The Lord of the Rings: The Two Towers,The Lord of the Rings: The Two Towers,0,2003,8.7,2002-12-18,95,96,6,0,0,0,1,0,1,1,0,0,0,1,0,0,0,0,0,0,1,0,1,0,0,0,0,0,0,0,0,1,0,0,0,PG-13,0,0,1,0,0,1,0,1,0,1,0,0,1,1,0,0,1
Picture,The Pianist,The Pianist,0,2003,8.5,2003-03-28,95,96,7,1,0,0,0,1,1,1,0,1,0,1,0,0,0,1,0,0,1,0,0,0,0,1,0,0,0,0,0,0,0,0,0,R,0,0,0,1,0,1,0,0,1,1,0,1,0,1,0,1,0
Picture,The Lord of the Rings: The Return of the King,The Lord of the Rings: The Return of the King,1,2004,8.9,2003-12-17,86,95,10,0,0,0,1,1,1,1,1,1,0,1,0,1,0,0,0,0,1,0,1,0,0,0,0,0,0,0,0,1,0,0,0,PG-13,0,0,1,0,0,0,1,0,1,0,1,0,1,0,1,0,1
Picture,Lost in Translation,Lost in Translation,0,2004,7.8,2003-10-03,86,95,4,0,0,0,1,1,1,1,0,0,1,0,1,0,0,0,0,0,1,0,0,0,0,0,0,0,0,0,0,0,0,0,0,R,0,0,0,1,0,1,0,0,1,1,0,1,0,1,0,1,0
Picture,Master and Commander: The Far Side of the World,Master and Commander: The Far Side of the World,0,2004,7.4,2003-11-14,80,85,10,0,0,0,1,1,1,1,0,0,0,1,0,0,1,0,0,0,1,0,0,0,0,0,0,0,0,0,0,1,0,0,0,PG-13,0,0,1,0,0,1,0,1,0,1,0,1,0,1,0,0,1
Picture,Mystic River,Mystic River,0,2004,8,2003-10-15,89,87,6,0,0,0,1,1,1,0,0,0,0,1,0,0,0,0,1,0,1,0,0,0,1,0,0,0,0,0,0,0,0,0,0,R,0,0,0,1,0,1,0,0,1,1,0,0,1,1,0,0,1
Picture,Seabiscuit,Seabiscuit,0,2004,7.3,2003-07-25,76,77,7,0,0,1,0,0,1,0,0,0,0,1,0,0,0,0,0,0,1,0,0,0,0,0,0,1,0,0,0,0,0,1,0,PG-13,0,0,1,0,0,1,0,0,1,1,0,0,1,1,0,0,1
Picture,Million Dollar Baby,Million Dollar Baby,1,2005,8.1,2005-01-28,90,91,7,1,0,0,0,1,1,0,1,0,0,1,0,0,0,0,0,0,1,0,0,0,0,0,0,0,0,0,0,0,0,1,0,PG-13,0,0,1,0,0,1,0,0,1,1,0,0,1,1,0,0,1
Picture,The Aviator,The Aviator,0,2005,7.5,2004-12-25,79,87,11,0,0,0,1,1,1,1,0,1,0,1,0,1,0,1,0,0,1,0,0,0,0,0,0,1,0,0,0,0,0,0,0,PG-13,0,0,1,0,0,1,0,0,1,1,0,0,1,0,1,0,1
Picture,Finding Neverland,Finding Neverland,0,2005,7.7,2004-12-17,87,83,7,0,0,0,1,0,1,1,0,0,0,1,0,0,0,1,0,0,1,0,0,0,0,0,0,0,0,0,0,0,1,0,0,PG,0,1,0,0,0,1,0,0,1,1,0,0,1,1,0,0,1
Picture,Ray,Ray,0,2005,7.7,2004-10-29,87,81,6,0,0,0,1,1,1,0,0,0,1,0,0,0,0,1,0,0,1,0,0,0,0,1,0,0,0,0,0,0,0,0,0,PG-13,0,0,1,0,0,1,0,0,1,1,0,0,1,1,0,1,0
Picture,Sideways,Sideways,0,2005,7.5,2005-01-21,78,96,5,1,0,0,0,1,1,0,0,0,1,0,1,0,0,0,0,1,1,0,0,0,0,0,1,0,0,0,0,0,0,0,0,R,0,0,0,1,0,0,1,0,1,0,1,0,1,1,0,0,1
Picture,Crash,Crash,1,2006,7.8,2005-05-06,88,75,5,0,1,0,0,1,1,1,0,0,0,0,0,0,0,0,1,0,1,0,0,0,0,0,0,0,0,0,1,0,0,0,0,R,0,0,0,1,0,1,0,0,1,0,1,0,1,1,0,0,1
Picture,Brokeback Mountain,Brokeback Mountain,0,2006,7.7,2006-01-13,82,87,8,1,0,0,0,1,1,1,1,1,0,1,0,1,0,0,0,0,1,0,0,0,0,0,1,0,0,0,0,0,0,0,0,R,0,0,0,1,0,0,1,0,1,1,0,0,1,0,1,0,1
Picture,Capote,Capote,0,2006,7.4,2006-02-03,81,90,5,1,0,0,0,1,1,1,0,0,0,0,0,0,0,1,1,0,1,0,0,0,0,0,0,0,0,0,0,0,0,0,0,R,0,0,0,1,0,1,0,0,1,1,0,0,1,1,0,0,1
Picture,"Good Night, and Good Luck","Good Night, and Good Luck",0,2006,7.5,2005-11-04,83,93,0,0,0,0,1,1,1,1,0,0,0,1,0,0,0,0,0,0,0,0,0,0,0,0,0,0,0,0,0,0,0,0,0,PG,0,1,0,0,0,1,0,1,0,1,0,0,1,1,0,1,0
Picture,Munich,Munich,0,2006,7.6,2006-01-06,83,78,5,1,0,0,0,1,1,0,0,0,0,0,0,0,0,0,0,0,1,0,0,0,0,0,0,1,0,0,1,0,0,0,0,R,0,0,0,1,0,1,0,0,1,1,0,1,0,1,0,1,0
Picture,The Departed,The Departed,1,2007,8.5,2006-10-06,94,91,5,0,0,0,1,1,1,1,1,0,0,1,0,0,0,0,1,0,1,0,0,0,0,0,0,0,0,0,1,0,0,0,0,R,0,0,0,1,0,0,1,0,1,1,0,0,1,1,0,0,1
Picture,Babel,Babel,0,2007,7.5,2006-11-10,77,69,7,0,0,0,1,1,1,1,0,0,0,1,0,1,0,0,0,0,1,0,0,0,0,0,0,0,0,0,0,0,0,0,0,R,0,0,0,1,0,1,0,0,1,1,0,0,1,1,0,0,1
Picture,Letters from Iwo Jima,Letters from Iwo Jima,0,2007,7.9,2007-02-02,86,91,4,1,0,0,0,1,0,0,0,0,0,0,0,0,0,0,0,0,1,0,0,0,0,0,0,1,1,0,0,0,0,0,0,R,0,0,0,1,0,1,0,0,1,1,0,1,0,1,0,1,0
Picture,Little Miss Sunshine,Little Miss Sunshine,0,2007,7.8,2006-08-18,91,91,4,0,0,1,0,0,1,1,0,0,1,0,0,0,0,0,0,1,1,0,0,0,0,0,0,0,0,0,0,0,0,0,0,R,0,0,0,1,0,1,0,0,1,0,1,0,1,0,1,0,1
Picture,The Queen,The Queen,0,2007,7.3,2006-11-17,76,97,6,0,0,0,1,1,1,1,0,1,0,1,0,0,0,1,0,0,1,0,0,0,0,0,0,0,0,0,0,0,0,0,0,PG-13,0,0,1,0,0,1,0,0,1,1,0,1,0,1,0,0,1
Picture,No Country for Old Men,No Country for Old Men,1,2008,8.1,2007-11-21,86,93,8,0,0,0,1,1,1,1,1,0,0,1,0,0,0,0,1,0,1,0,0,0,0,0,0,0,0,0,1,0,0,0,0,R,0,0,0,1,0,0,1,0,1,0,1,0,1,0,1,0,1
Picture,Atonement,Atonement,0,2008,7.8,2008-01-11,80,83,7,1,0,0,0,0,0,1,0,1,0,1,0,1,0,0,0,0,1,0,0,0,1,0,1,0,0,0,0,0,0,0,0,R,0,0,0,1,0,1,0,0,1,1,0,1,0,1,0,1,0
Picture,Juno,Juno,0,2008,7.5,2007-12-25,88,94,4,0,0,0,1,1,0,0,0,0,1,0,0,0,0,0,0,1,1,0,0,0,0,0,0,0,0,0,0,0,0,0,0,PG-13,0,0,1,0,0,1,0,0,1,1,0,1,0,1,0,0,1
Picture,Michael Clayton,Michael Clayton,0,2008,7.3,2007-10-12,69,90,7,0,0,0,1,1,1,0,0,0,0,1,0,0,0,0,1,0,1,0,0,0,1,0,0,0,0,0,0,0,0,0,0,R,0,0,0,1,0,1,0,0,1,1,0,1,0,1,0,0,1
Picture,There Will Be Blood,There Will Be Blood,0,2008,8.1,2008-01-25,86,91,8,1,0,0,0,1,1,1,0,0,0,1,0,0,0,0,0,0,1,0,0,0,0,0,0,0,0,0,0,0,0,0,0,R,0,0,0,1,0,1,0,0,1,1,0,1,0,1,0,0,1
Picture,Slumdog Millionaire,Slumdog Millionaire,1,2009,8,2008-12-25,90,92,8,0,0,0,1,1,1,1,1,1,0,1,0,1,0,0,0,0,1,0,0,0,0,0,1,0,0,0,0,0,0,0,0,R,0,0,0,1,0,0,1,0,1,0,1,0,1,0,1,0,1
Picture,The Curious Case of Benjamin Button,The Curious Case of Benjamin Button,0,2009,7.8,2008-12-25,80,72,13,0,0,0,1,1,1,1,0,0,0,1,0,0,0,0,0,0,1,0,1,0,0,0,1,0,0,0,0,0,0,0,0,PG-13,0,0,1,0,0,1,0,0,1,1,0,0,1,1,0,0,1
Picture,Frost/Nixon,Frost/Nixon,0,2009,7.7,2009-01-23,88,92,5,1,0,0,0,1,1,1,0,0,0,1,0,0,0,1,0,0,1,0,0,0,0,0,0,0,0,0,0,0,0,0,0,R,0,0,0,1,0,1,0,0,1,1,0,0,1,1,0,0,1
Picture,Milk,Milk,0,2009,7.6,2009-01-30,89,94,8,1,0,0,0,1,1,1,0,0,0,0,0,0,0,1,0,0,1,0,0,0,0,0,0,0,0,0,0,0,0,0,0,R,0,0,0,1,0,1,0,0,1,1,0,0,1,1,0,0,1
Picture,The Reader,The Reader,0,2009,7.6,2009-01-30,79,61,5,1,0,0,0,1,0,1,0,0,0,1,0,0,0,0,0,0,1,0,0,0,0,0,1,0,0,0,0,0,0,0,0,R,0,0,0,1,0,1,0,0,1,1,0,1,0,1,0,1,0
Picture,The Hurt Locker,The Hurt Locker,1,2010,7.6,2009-07-31,84,98,9,0,0,1,0,1,1,1,1,1,0,1,0,0,0,0,0,0,1,0,0,0,0,0,0,1,0,0,1,0,0,0,0,R,0,0,0,1,0,0,1,0,1,1,0,0,1,0,1,0,1
Picture,Avatar,Avatar,0,2010,7.8,2009-12-18,82,83,9,0,0,0,1,1,1,1,0,0,0,1,0,1,1,0,0,0,0,0,1,0,0,0,0,0,0,0,0,1,0,0,0,PG-13,0,0,1,0,0,1,0,0,1,1,0,1,0,1,0,0,1
Picture,The Blind Side,The Blind Side,0,2010,7.7,2009-11-20,85,66,2,0,0,0,1,0,0,0,0,0,0,0,0,0,0,1,0,0,1,0,0,0,0,0,0,0,0,0,0,0,0,1,0,PG-13,0,0,1,0,0,1,0,1,0,1,0,1,0,1,0,1,0
Picture,District 9,District 9,0,2010,8,2009-08-14,82,90,4,0,0,1,0,0,0,0,0,0,0,0,0,0,0,0,0,0,0,0,0,1,0,0,0,0,0,0,1,0,0,0,0,R,0,0,0,1,0,1,0,1,0,1,0,1,0,1,0,0,1
Picture,An Education,An Education,0,2010,7.3,2010-02-05,80,94,3,1,0,0,0,0,0,1,0,0,0,0,0,0,0,0,0,0,1,0,0,0,0,0,0,0,0,0,0,0,0,0,0,PG-13,0,0,1,0,0,1,0,0,1,1,0,0,1,1,0,0,1
Picture,Inglourious Basterds,Inglourious Basterds,0,2010,8.3,2009-08-21,87,89,8,0,0,1,0,1,1,0,0,0,0,1,0,0,0,0,0,0,1,0,0,0,0,0,0,0,1,0,0,1,0,0,0,R,0,0,0,1,0,1,0,0,1,0,1,0,1,1,0,0,1
Picture,Precious,Precious,0,2010,7.3,2009-11-20,81,91,0,0,0,0,1,1,1,1,0,0,0,1,0,0,0,0,0,0,1,0,0,0,0,0,0,0,0,0,0,0,0,0,0,R,0,0,0,1,0,1,0,0,1,1,0,0,1,1,0,0,1
Picture,A Serious Man,A Serious Man,0,2010,7,2009-11-06,67,89,2,0,0,0,1,0,0,0,0,0,0,0,0,0,0,0,0,1,1,0,0,0,0,0,0,0,0,0,0,0,0,0,0,R,0,0,0,1,0,1,0,0,1,1,0,1,0,1,0,1,0
Picture,Up,Up,0,2010,8.3,2009-05-29,90,98,6,0,1,0,0,0,0,0,0,0,0,0,0,0,0,0,0,1,0,0,0,0,0,0,0,0,0,0,0,1,0,0,0,PG,0,1,0,0,0,1,0,0,1,1,0,1,0,1,0,0,1
Picture,Up in the Air,Up in the Air,0,2010,7.4,2009-12-23,79,91,6,0,0,0,1,1,1,1,0,0,0,1,0,0,0,0,0,0,1,0,0,0,0,0,1,0,0,0,0,0,0,0,0,R,0,0,0,1,0,1,0,0,1,1,0,1,0,1,0,0,1
Picture,The King's Speech,The King's Speech,1,2011,8,2010-12-25,92,95,12,0,0,0,1,1,1,1,1,1,0,1,0,0,0,1,0,0,1,0,0,0,0,0,0,0,0,0,0,0,0,0,0,R,0,0,0,1,0,1,0,0,1,0,1,0,1,0,1,0,1
Picture,127 Hours,127 Hours,0,2011,7.6,2011-01-28,85,93,5,1,0,0,0,0,0,0,0,0,0,0,0,0,0,1,0,0,1,0,0,0,0,0,0,0,0,0,0,1,0,0,0,R,0,0,0,1,0,1,0,0,1,1,0,1,0,1,0,0,1
Picture,Black Swan,Black Swan,0,2011,8,2010-12-17,84,87,5,0,0,0,1,1,1,1,0,0,0,1,0,0,0,0,0,0,1,0,0,0,0,0,0,0,0,0,1,0,0,0,0,R,0,0,0,1,0,1,0,0,1,1,0,0,1,1,0,0,1
Picture,The Fighter,The Fighter,0,2011,7.9,2010-12-17,89,90,7,0,0,0,1,1,1,0,0,0,0,1,0,0,0,1,0,0,1,0,0,0,0,0,0,0,0,0,0,0,0,1,0,R,0,0,0,1,0,1,0,0,1,1,0,0,1,1,0,0,1
Picture,Inception,Inception,0,2011,8.8,2010-07-16,91,86,8,0,0,1,0,0,1,1,0,0,0,1,0,0,1,0,0,0,0,0,0,1,0,0,0,0,0,0,0,1,0,0,0,PG-13,0,0,1,0,0,1,0,0,1,1,0,1,0,1,0,0,1
Picture,The Kids Are All Right,The Kids Are All Right,0,2011,7.1,2010-07-30,73,93,4,0,0,1,0,0,0,0,0,0,1,0,1,0,0,0,0,1,1,0,0,0,0,0,1,0,0,0,0,0,0,0,0,R,0,0,0,1,0,1,0,1,0,1,0,0,1,1,0,0,1
Picture,The Social Network,The Social Network,0,2011,7.7,2010-10-01,86,96,8,0,0,0,1,1,1,1,0,0,0,1,0,1,0,1,0,0,1,0,0,0,0,0,0,0,0,0,0,0,0,0,0,PG-13,0,0,1,0,0,0,1,0,1,1,0,0,1,1,0,0,1
Picture,Toy Story 3,Toy Story 3,0,2011,8.3,2010-06-18,89,99,4,0,1,0,0,0,0,0,0,0,0,0,0,0,0,0,0,1,0,0,0,0,0,0,0,0,0,0,0,1,0,0,0,G,1,0,0,0,0,1,0,0,1,1,0,1,0,1,0,0,1
Picture,True Grit,True Grit,0,2011,7.4,1969-06-21,83,90,11,0,1,0,0,1,0,1,0,0,0,0,0,0,0,0,0,0,1,0,0,0,0,0,0,0,0,0,0,1,0,0,1,M,0,1,0,0,0,1,0,0,1,1,0,1,0,1,0,0,1
Picture,Winter's Bone,Winter's Bone,0,2011,7.2,2010-07-16,76,94,4,0,0,1,0,0,0,0,0,0,0,0,0,0,0,0,0,0,1,0,0,0,0,0,0,0,0,0,0,0,0,0,0,R,0,0,0,1,0,1,0,0,1,1,0,1,0,1,0,1,0
Picture,The Artist,The Artist,1,2012,7.9,2012-01-20,87,96,10,1,0,0,0,1,1,1,1,1,1,0,1,0,0,0,0,1,1,0,0,0,0,0,1,0,0,0,0,0,0,0,0,PG-13,0,0,1,0,0,0,1,0,1,1,0,0,1,0,1,0,1
Picture,The Descendants,The Descendants,0,2012,7.3,2011-12-09,79,89,5,0,0,0,1,1,1,1,0,0,0,1,0,1,0,0,0,1,1,0,0,0,0,0,0,0,0,0,0,0,0,0,0,R,0,0,0,1,0,1,0,0,1,1,0,0,1,1,0,0,1
Picture,Extremely Loud and Incredibly Close,Extremely Loud & Incredibly Close,0,2012,6.9,2012-01-20,61,46,0,1,0,0,0,0,0,0,0,0,0,0,0,0,0,0,0,0,0,0,0,0,0,0,0,0,0,0,0,0,0,0,0,PG-13,0,0,1,0,0,1,0,0,1,1,0,1,0,1,0,1,0
Picture,The Help,The Help,0,2012,8.1,2011-08-10,89,75,4,0,0,1,0,0,0,1,0,0,0,1,0,0,0,0,0,0,1,0,0,0,0,0,0,0,0,0,0,0,0,0,0,PG-13,0,0,1,0,0,1,0,0,1,0,1,0,1,1,0,0,1
Picture,Hugo,Hugo,0,2012,7.5,2011-11-23,78,94,11,0,0,0,1,1,1,0,0,0,0,1,0,0,0,0,0,0,1,0,0,0,0,0,0,0,0,0,0,1,1,0,0,PG,0,1,0,0,0,1,0,0,1,1,0,1,0,1,0,0,1
Picture,Midnight in Paris,Midnight in Paris,0,2012,7.7,2011-06-10,83,93,4,0,1,0,0,1,1,0,0,0,1,0,0,0,0,0,0,1,0,0,1,0,0,0,1,0,0,0,0,0,0,0,0,PG-13,0,0,1,0,0,1,0,0,1,1,0,0,1,1,0,0,1
Picture,Moneyball,Moneyball,0,2012,7.6,2011-09-23,86,94,6,0,0,1,0,0,0,0,0,0,0,1,0,0,0,1,0,0,1,0,0,0,0,0,0,0,0,0,0,0,0,1,0,PG-13,0,0,1,0,0,1,0,0,1,1,0,1,0,1,0,0,1
Picture,The Tree of Life,The Tree of Life,0,2012,6.8,2011-05-17,60,84,3,0,1,0,0,1,0,0,0,0,0,0,0,0,0,0,0,0,1,0,1,0,0,0,0,0,0,0,0,0,0,0,0,PG-13,0,0,1,0,0,1,0,0,1,1,0,1,0,1,0,1,0
Picture,War Horse,War Horse,0,2012,7.2,2011-12-25,74,76,6,0,0,0,1,0,0,0,0,0,0,1,0,0,0,0,0,0,1,0,0,0,0,0,0,0,1,0,0,0,0,0,0,PG-13,0,0,1,0,0,1,0,0,1,1,0,1,0,1,0,0,1
Picture,Argo,Argo,1,2013,7.7,2012-10-12,90,96,7,0,0,0,1,0,1,1,1,1,0,1,0,1,0,1,0,0,1,0,0,0,0,0,0,0,0,0,1,0,0,0,0,R,0,0,0,1,0,0,1,0,1,0,1,0,1,0,1,0,1
Picture,Amour,Amour,0,2013,7.9,2012-09-20,82,93,5,0,0,1,0,1,0,0,0,0,0,0,0,0,0,0,0,0,1,0,0,0,0,0,0,0,0,0,0,0,0,0,0,PG-13,0,0,1,0,0,1,0,1,0,1,0,1,0,1,0,1,0
Picture,Beasts of the Southern Wild,Beasts of the Southern Wild,0,2013,7.3,2012-07-05,76,86,4,0,0,1,0,1,0,0,0,0,0,0,0,0,0,0,0,0,1,0,1,0,0,0,0,0,0,0,0,1,0,0,0,PG-13,0,0,1,0,0,1,0,0,1,1,0,1,0,1,0,0,1
Picture,Django Unchained,Django Unchained,0,2013,8.4,2012-12-25,91,88,5,0,0,0,1,0,0,0,0,0,0,1,0,0,0,0,0,0,1,0,0,0,0,0,0,0,0,0,0,0,0,0,1,R,0,0,0,1,0,1,0,0,1,1,0,1,0,1,0,0,1
Picture,Life of Pi,Life of Pi,0,2013,7.9,2012-11-21,84,87,10,0,0,0,1,1,1,1,0,0,0,1,0,0,0,0,0,0,1,0,1,0,0,0,0,0,0,0,0,1,0,0,0,PG,0,1,0,0,0,1,0,0,1,1,0,1,0,1,0,0,1
Picture,Lincoln,Lincoln,0,2013,7.4,2012-11-16,80,90,12,0,0,0,1,1,1,1,0,0,0,1,0,0,0,1,0,0,1,0,0,0,0,0,0,1,0,0,0,0,0,0,0,PG-13,0,0,1,0,0,1,0,0,1,1,0,0,1,1,0,0,1
Picture,Silver Linings Playbook,Silver Linings Playbook,0,2013,7.8,2012-12-25,86,92,8,0,0,0,1,1,0,0,0,0,1,0,0,0,0,0,0,1,1,0,0,0,0,0,1,0,0,0,0,0,0,0,0,R,0,0,0,1,0,1,0,0,1,1,0,0,1,1,0,0,1
Picture,Zero Dark Thirty,Zero Dark Thirty,0,2013,7.4,2013-01-11,80,92,5,1,0,0,0,0,1,1,0,0,0,1,0,0,0,0,0,0,1,0,0,0,0,0,0,0,0,0,1,0,0,0,0,R,0,0,0,1,0,1,0,0,1,1,0,1,0,1,0,0,1
Picture,12 Years a Slave,12 Years a Slave,1,2014,8.1,2013-11-08,90,96,9,0,0,0,1,1,1,1,0,1,0,1,0,1,0,1,0,0,1,0,0,0,0,0,0,1,0,0,0,0,0,0,0,R,0,0,0,1,0,0,1,0,1,1,0,0,1,0,1,0,1
Picture,American Hustle,American Hustle,0,2014,7.3,2013-12-20,74,93,10,0,0,0,1,1,1,1,0,0,1,0,1,0,0,0,1,0,1,0,0,0,0,0,0,0,0,0,0,0,0,0,0,R,0,0,0,1,0,1,0,0,1,0,1,0,1,1,0,0,1
Picture,Captain Phillips,Captain Phillips,0,2014,7.8,2013-10-11,89,93,6,0,0,0,1,0,1,1,0,0,0,1,0,0,0,1,0,0,1,0,0,0,0,0,0,0,0,0,1,0,0,0,0,PG-13,0,0,1,0,0,1,0,0,1,1,0,1,0,1,0,0,1
Picture,Dallas Buyers Club,Dallas Buyers Club,0,2014,8,2013-11-22,91,94,6,0,0,0,1,0,0,0,0,0,0,0,0,0,0,1,0,0,1,0,0,0,0,0,0,0,0,0,0,0,0,0,0,R,0,0,0,1,0,1,0,0,1,1,0,0,1,1,0,0,1
Picture,Gravity,Gravity,0,2014,7.8,2013-10-04,80,96,10,0,0,0,1,1,1,1,1,0,0,1,0,0,0,0,0,0,1,0,0,1,0,0,0,0,0,0,1,0,0,0,0,PG-13,0,0,1,0,0,1,0,0,1,1,0,1,0,0,1,0,1
Picture,Her,Her,0,2014,8,2014-01-10,82,95,4,1,0,0,0,0,0,0,0,0,1,0,0,0,0,0,0,0,1,0,0,1,0,0,1,0,0,0,0,0,0,0,0,R,0,0,0,1,0,1,0,0,1,1,0,1,0,1,0,0,1
Picture,Nebraska,Nebraska,0,2014,7.7,2014-01-24,83,91,6,1,0,0,0,1,0,0,0,0,1,0,0,0,0,0,0,1,1,0,0,0,0,0,0,0,0,0,0,1,0,0,0,R,0,0,0,1,0,1,0,0,1,1,0,1,0,1,0,0,1
Picture,Philomena,Philomena,0,2014,7.6,2013-11-27,89,92,4,0,0,0,1,0,0,1,0,0,0,1,0,0,0,1,0,0,1,0,0,0,0,0,0,0,0,0,0,0,0,0,0,PG-13,0,0,1,0,0,1,0,1,0,1,0,1,0,1,0,1,0
Picture,The Wolf of Wall Street,The Wolf of Wall Street,0,2014,8.2,2013-12-25,82,77,5,0,0,0,1,1,1,0,0,0,1,0,0,0,0,1,1,1,0,0,0,0,0,0,0,0,0,0,0,0,0,0,0,R,0,0,0,1,0,1,0,0,1,1,0,1,0,1,0,0,1
Picture,Birdman or (The Unexpected Virtue of Ignorance),Birdman or (The Unexpected Virtue of Ignorance),1,2015,7.8,2014-11-14,77,91,9,0,0,0,1,1,1,1,1,0,1,0,0,0,0,0,0,1,1,0,0,0,0,0,0,0,0,0,0,0,0,0,0,R,0,0,0,1,0,1,0,1,0,0,1,0,1,0,1,0,1
Picture,American Sniper,American Sniper,0,2015,7.3,2015-01-16,84,72,6,1,0,0,0,0,1,0,0,0,0,0,0,0,1,1,0,0,1,0,0,0,0,0,0,0,0,0,0,0,0,0,0,R,0,0,0,1,0,1,0,1,0,1,0,1,0,1,0,0,1
Picture,Boyhood,Boyhood,0,2015,7.9,2014-08-15,81,98,6,0,0,1,0,1,1,1,0,1,0,1,0,1,0,0,0,0,1,0,0,0,0,0,0,0,0,0,0,0,0,0,0,R,0,0,0,1,0,0,1,0,1,1,0,0,1,1,0,0,1
Picture,The Grand Budapest Hotel,The Grand Budapest Hotel,0,2015,8.1,2014-03-28,86,92,9,1,0,0,0,1,1,1,0,0,1,0,1,0,0,0,0,1,1,0,0,0,0,0,0,0,0,0,0,1,0,0,0,R,0,0,0,1,0,1,0,0,1,1,0,0,1,1,0,0,1
Picture,The Imitation Game,The Imitation Game,0,2015,8.1,2014-12-25,91,90,8,0,0,0,1,1,1,1,0,0,0,1,0,0,0,1,0,0,1,0,0,0,0,0,0,1,0,0,0,0,0,0,0,PG-13,0,0,1,0,0,1,0,0,1,1,0,0,1,1,0,0,1
Picture,Selma,Selma,0,2015,7.5,2015-01-09,86,99,1,1,0,0,0,0,0,0,0,0,0,1,0,0,0,1,0,0,1,0,0,0,0,0,0,1,0,0,0,0,0,0,0,PG-13,0,0,1,0,0,1,0,0,1,1,0,1,0,1,0,1,0
Picture,The Theory of Everything,The Theory of Everything,0,2015,7.7,2014-11-26,84,79,5,0,0,0,1,0,0,1,0,0,0,1,0,0,0,1,0,0,1,0,0,0,0,0,1,0,0,0,0,0,0,0,0,PG-13,0,0,1,0,0,1,0,0,1,1,0,0,1,1,0,0,1
Picture,Whiplash,Whiplash,0,2015,8.5,2014-10-15,94,94,5,0,0,0,1,0,0,0,0,0,0,0,0,0,0,0,0,0,1,0,0,0,0,1,0,0,0,0,0,0,0,0,0,R,0,0,0,1,0,1,0,0,1,1,0,1,0,1,0,0,1
Picture,Spotlight,Spotlight,1,2016,8.1,2015-11-20,93,96,6,0,0,0,1,1,1,1,0,0,0,1,0,0,0,0,1,0,1,0,0,0,0,0,0,1,0,0,0,0,0,0,0,R,0,0,0,1,0,0,1,0,1,0,1,0,1,1,0,0,1
Picture,The Big Short,The Big Short,0,2016,7.8,2015-12-23,88,88,5,0,0,0,1,1,1,1,0,0,1,0,0,0,0,1,0,1,1,0,0,0,0,0,0,0,0,0,0,0,0,0,0,R,0,0,0,1,0,1,0,0,1,1,0,0,1,0,1,0,1
Picture,Bridge of Spies,Bridge of Spies,0,2016,7.6,2015-10-16,87,91,6,0,0,0,1,0,0,1,0,0,0,0,0,0,0,0,0,0,1,0,0,0,0,0,0,1,0,0,1,0,0,0,0,PG-13,0,0,1,0,0,1,0,0,1,1,0,1,0,1,0,0,1
Picture,Brooklyn,Brooklyn,0,2016,7.5,2015-11-25,87,97,3,0,0,0,1,0,0,0,0,0,0,0,0,0,0,0,0,0,1,0,0,0,0,0,1,0,0,0,0,0,0,0,0,PG-13,0,0,1,0,0,1,0,0,1,1,0,1,0,1,0,0,1
Picture,Mad Max: Fury Road,Mad Max: Fury Road,0,2016,8.1,2015-05-15,86,97,10,0,1,0,0,1,1,0,0,0,0,1,0,0,1,0,0,0,0,0,0,1,0,0,0,0,0,0,0,1,0,0,0,R,0,0,0,1,0,1,0,1,0,1,0,1,0,1,0,0,1
Picture,The Martian,The Martian,0,2016,8,2015-10-02,91,92,7,0,0,0,1,0,1,0,0,0,1,0,1,0,0,0,0,0,1,0,0,1,0,0,0,0,0,0,0,1,0,0,0,PG-13,0,0,1,0,0,1,0,0,1,1,0,1,0,1,0,0,1
Picture,The Revenant,The Revenant,0,2016,8,2016-01-08,84,81,12,1,0,0,0,1,1,1,1,1,0,1,0,1,0,0,0,0,1,0,0,0,0,0,0,1,0,0,0,1,0,0,0,R,0,0,0,1,0,1,0,0,1,1,0,1,0,1,0,0,1
Picture,Room,Room,0,2016,8.2,2016-01-22,93,94,4,1,0,0,0,1,0,0,0,0,0,1,0,0,0,0,0,0,1,0,0,0,0,0,0,0,0,0,0,0,0,0,0,R,0,0,0,1,0,1,0,0,1,1,0,1,0,1,0,1,0
Picture,Arrival,Arrival,0,2017,8.1,2016-11-11,82,94,8,0,0,0,1,1,1,1,0,0,0,0,0,0,0,0,0,0,1,0,0,1,1,0,0,0,0,0,0,0,0,0,0,PG-13,0,0,1,0,0,1,0,0,1,1,0,1,0,1,0,0,1
Picture,Fences,Fences,0,2017,7.4,2016-12-25,79,93,4,0,0,0,1,0,0,0,0,0,0,0,0,0,0,0,0,0,1,0,0,0,0,0,0,0,0,0,0,0,0,0,0,PG-13,0,0,1,0,0,1,0,0,1,1,0,0,1,1,0,0,1
Picture,Hacksaw Ridge,Hacksaw Ridge,0,2017,8.3,2016-11-04,93,86,6,0,0,0,1,1,0,0,0,0,0,1,0,0,0,1,0,0,1,0,0,0,0,0,0,1,0,0,0,0,0,0,0,R,0,0,0,1,0,1,0,0,1,1,0,1,0,1,0,0,1
Picture,Hell or High Water,Hell or High Water,0,2017,7.7,2016-08-26,89,98,4,0,0,1,0,0,0,0,0,0,0,1,0,0,0,0,1,0,1,0,0,0,0,0,0,0,0,0,1,0,0,0,0,R,0,0,0,1,0,1,0,0,1,1,0,1,0,1,0,0,1
Picture,Hidden Figures,Hidden Figures,0,2017,7.9,2017-01-06,94,92,4,1,0,0,0,0,0,0,0,0,0,0,0,0,0,1,0,0,1,0,0,0,0,0,0,1,0,0,0,0,0,0,0,PG,0,1,0,0,0,1,0,1,0,0,1,0,1,1,0,0,1
Picture,La La Land,La La Land,0,2017,8.5,2016-12-25,85,93,14,0,0,0,1,1,1,1,1,1,1,0,1,0,0,0,0,1,1,0,0,0,0,1,0,0,0,0,0,0,0,0,0,PG-13,0,0,1,0,0,0,1,0,1,1,0,1,0,0,1,0,1
Picture,Lion,Lion,0,2017,8,2017-01-06,93,86,6,1,0,0,0,0,1,0,0,0,0,1,0,0,0,0,0,1,1,0,0,0,0,0,1,0,0,0,0,0,0,0,0,PG-13,0,0,1,0,0,1,0,0,1,1,0,1,0,1,0,0,1
Picture,Manchester by the Sea,Manchester by the Sea,0,2017,8.1,2016-12-16,81,96,5,0,0,0,1,1,1,1,0,0,0,1,0,0,0,0,0,0,1,0,0,0,0,0,0,0,0,0,0,0,0,0,0,R,0,0,0,1,0,1,0,0,1,1,0,0,1,1,0,0,1
Picture,Moonlight,Moonlight,1,2017,7.9,2016-11-18,86,98,7,0,0,0,1,1,1,1,0,0,0,1,0,1,0,0,0,0,1,0,0,0,0,0,0,0,0,0,0,0,0,0,0,R,0,0,0,1,0,1,0,0,1,1,0,0,1,1,0,0,1
Picture,Call Me by Your Name,Call Me by Your Name,0,2018,8.3,2018-01-18,87,96,3,1,0,0,0,0,0,1,0,0,0,1,0,0,0,0,0,0,1,0,0,0,0,0,0,0,0,0,0,0,0,0,0,R,0,0,0,1,0,1,0,0,1,1,0,1,0,1,0,0,1
Picture,Darkest Hour,Darkest Hour,0,2018,7.4,2017-12-22,84,86,6,0,0,0,1,0,0,1,0,0,0,0,0,0,0,1,0,0,1,0,0,0,0,0,0,1,0,0,0,0,0,0,0,PG-13,0,0,1,0,0,1,0,0,1,1,0,1,0,1,0,1,0
Picture,Dunkirk,Dunkirk,0,2018,8.1,2017-07-21,81,92,8,0,0,1,0,1,1,1,0,0,0,1,0,0,1,0,0,0,1,0,0,0,0,0,0,1,0,0,0,0,0,0,0,PG-13,0,0,1,0,0,1,0,0,1,1,0,1,0,1,0,0,1
Picture,Get Out,Get Out,0,2018,7.7,2018-02-24,87,99,4,1,0,0,0,1,1,0,0,0,1,0,0,0,0,0,0,0,0,1,0,0,1,0,0,0,0,0,1,0,0,0,0,R,0,0,0,1,0,1,0,0,1,1,0,0,1,1,0,0,1
Picture,Lady Bird,Lady Bird,0,2018,7.8,2017-12-01,81,99,5,0,0,0,1,1,1,0,0,0,1,0,1,0,0,0,0,1,1,0,0,0,0,0,0,0,0,0,0,0,0,0,0,R,0,0,0,1,0,1,0,0,1,1,0,0,1,1,0,0,1
Picture,Phantom Thread,Phantom Thread,0,2018,8.3,2018-01-19,61,91,6,1,0,0,0,0,0,0,0,0,0,0,0,0,0,0,0,0,1,0,0,0,0,0,1,0,0,0,0,0,0,0,0,R,0,0,0,1,0,1,0,1,0,1,0,1,0,1,0,1,0
Picture,The Post,The Post,0,2018,7.4,2018-01-12,73,88,2,1,0,0,0,0,0,0,0,0,0,1,0,0,0,1,0,0,1,0,0,0,0,0,0,1,0,0,0,0,0,0,0,PG-13,0,0,1,0,0,1,0,0,1,1,0,1,0,1,0,0,1
Picture,The Shape of Water,The Shape of Water,0,2018,7.8,2017-12-22,92,78,13,0,0,0,1,1,1,1,1,0,0,1,0,0,0,0,0,0,1,0,1,0,0,0,0,0,0,0,0,1,0,0,0,R,0,0,0,1,0,0,1,0,1,1,0,1,0,0,1,0,1
Picture,"Three Billboards Outside Ebbing, Missouri","Three Billboards Outside Ebbing, Missouri",0,2018,8.3,2017-11-10,87,93,7,0,0,0,1,0,1,1,0,1,0,1,0,1,0,0,1,0,1,0,0,0,0,0,0,0,0,0,0,0,0,0,0,R,0,0,0,1,0,1,0,0,1,0,1,0,1,1,0,0,1
Picture,BlacKkKlansman,BlacKkKlansman,0,2019,7.5,2018-09-27,95,82,6,0,0,1,0,1,0,1,0,0,0,1,0,0,0,1,1,0,1,0,0,0,0,0,0,0,0,0,0,0,0,0,0,,0,1,0,0,0,1,0,0,1,1,0,0,1,1,0,0,1
Picture,Green Book,Green Book,1,2019,8.3,2018-11-01,82,94,5,0,0,0,1,0,1,1,0,0,1,0,1,0,0,1,0,1,1,0,0,0,0,0,0,0,0,0,0,0,0,0,0,,0,1,0,0,0,1,0,0,1,1,0,1,0,0,1,0,1
Picture,Bohemian Rhapsody,Bohemian Rhapsody,0,2019,8.2,2018-11-01,62,89,5,0,0,0,1,0,0,0,0,0,0,1,0,1,0,1,0,0,1,0,0,0,0,1,0,0,0,0,0,0,0,0,0,,0,1,0,0,0,1,0,1,0,1,0,0,1,1,0,0,1
Picture,A Star Is Born,A Star Is Born,0,2019,8,2018-09-01,90,81,7,0,0,1,0,0,1,1,0,0,0,1,0,0,0,0,0,0,1,0,0,0,0,1,1,0,0,0,0,0,0,0,0,,0,1,0,0,0,1,0,0,1,1,0,0,1,1,0,0,1
Picture,The Favourite,The Favourite,0,2019,7.9,2018-12-01,93,62,10,0,0,0,1,1,0,1,0,0,1,0,0,0,0,1,0,1,1,0,0,0,0,0,0,0,0,0,0,0,0,0,0,,0,0,1,0,0,1,0,0,1,1,0,1,0,1,0,0,1
Picture,Vice,Vice,0,2019,7.1,2018-12-12,66,55,8,0,0,0,1,1,1,0,0,0,1,0,0,0,0,1,0,1,1,0,0,0,0,0,0,0,0,0,0,0,0,0,0,,0,0,1,0,0,1,0,0,1,1,0,1,0,1,0,0,1
Picture,Roma,Roma,0,2019,8,2018-11-21,96,83,10,0,0,0,1,1,1,1,1,1,0,0,0,0,0,0,0,0,1,0,0,0,0,0,0,0,0,0,0,0,0,0,0,,0,0,1,0,0,0,1,0,1,1,0,1,0,1,0,0,1
Picture,Black Panther,Black Panther,0,2019,7.4,2018-02-15,97,79,6,1,0,0,0,0,0,0,0,0,0,1,0,0,1,0,0,0,0,0,0,1,0,0,0,0,0,0,0,1,0,0,0,,0,1,0,0,0,1,0,0,1,0,1,0,1,1,0,0,1
